FECHA,CUENTAS,CONCEPTO,IMPORTE,DESCRIPCION
31/12/2024,DEPOSITO SABADELL,INICIAL,55000,INICIAL
31/12/2024,TRADE REPUBLIC,INICIAL,"43591,9",INICIAL
31/12/2024,MSCI WORLD USD (ACC),INICIAL,2000,INICIAL
31/12/2024,MSCI EMERGING MARKETS EUR (ACC),INICIAL,2000,INICIAL
31/12/2024,CORE S&P 500 USD (ACC),INICIAL,0,INICIAL
31/12/2024,CORE MSCI EUROPE EUR (ACC),INICIAL,0,INICIAL
31/12/2024,NASDAQ 100 SWAP USD (ACC),INICIAL,0,INICIAL
31/12/2024,SABADELL,INICIAL,"1476,19",INICIAL
31/12/2024,CAJA,INICIAL,2800,INICIAL
31/12/2024,CUENTA NARANJA,INICIAL,"214,02",INICIAL
31/12/2024,CUENTA NO CUENTA,INICIAL,0,INICIAL
31/12/2024,FONDO CUENTA FIDELY GLOBAL TEC.,INICIAL,25000,INICIAL
31/12/2024,FONDO CUENTA NARANJA 90,INICIAL,50000,INICIAL
31/12/2024,DEPOSITO ING 4 MESES,INICIAL,15000,INICIAL
31/12/2024,BANCO DE ESPAÑA,INICIAL,50000,INICIAL
01/01/2025,CUENTA NARANJA,INTERESES,"0,66",INTERESES
01/01/2025,TRADE REPUBLIC,INTERESES,"118,2",INTERESES
02/01/2025,SABADELL,COMUNIDAD,-30,COMUNIDAD
02/01/2025,TRADE REPUBLIC,TRASPASOS,-250,TRASPASOS
02/01/2025,MSCI EMERGING MARKETS EUR (ACC),TRASPASOS,250,TRASPASOS
02/01/2025,TRADE REPUBLIC,TRASPASOS,-250,TRASPASOS
02/01/2025,MSCI WORLD USD (ACC),TRASPASOS,250,TRASPASOS
02/01/2025,TRADE REPUBLIC,TRASPASOS,-250,TRASPASOS
02/01/2025,CORE MSCI EUROPE EUR (ACC),TRASPASOS,250,TRASPASOS
02/01/2025,TRADE REPUBLIC,TRASPASOS,-250,TRASPASOS
02/01/2025,CORE S&P 500 USD (ACC),TRASPASOS,250,TRASPASOS
02/01/2025,TRADE REPUBLIC,TRASPASOS,-250,TRASPASOS
02/01/2025,NASDAQ 100 SWAP USD (ACC),TRASPASOS,250,TRASPASOS
04/01/2025,SABADELL,ZAPATILLAS MAMA,-25,ZAPATILLAS MAMA
04/01/2025,SABADELL,COMIDA,"-73,6",COMIDA
04/01/2025,SABADELL,GARAJE,60,GARAJE
05/01/2025,SABADELL,GARAJE,-130,GARAJE
06/01/2025,SABADELL,COMIDA,-175,COMIDA
07/01/2025,SABADELL,MEDICAMENTOS PAPA,"-4,24",MEDICAMENTOS PAPA
07/01/2025,SABADELL,MEDICAMENTOS MAMA,"-57,7",MEDICAMENTOS MAMA
08/01/2025,SABADELL,LA ALIANZA,"-177,77",LA ALIANZA
09/01/2025,TRADE REPUBLIC,TRASPASOS,-250,TRASPASOS
09/01/2025,MSCI EMERGING MARKETS EUR (ACC),TRASPASOS,250,TRASPASOS
09/01/2025,TRADE REPUBLIC,TRASPASOS,-250,TRASPASOS
09/01/2025,MSCI WORLD USD (ACC),TRASPASOS,250,TRASPASOS
09/01/2025,TRADE REPUBLIC,TRASPASOS,-250,TRASPASOS
09/01/2025,CORE MSCI EUROPE EUR (ACC),TRASPASOS,250,TRASPASOS
09/01/2025,TRADE REPUBLIC,TRASPASOS,-250,TRASPASOS
09/01/2025,CORE S&P 500 USD (ACC),TRASPASOS,250,TRASPASOS
09/01/2025,TRADE REPUBLIC,TRASPASOS,-250,TRASPASOS
09/01/2025,NASDAQ 100 SWAP USD (ACC),TRASPASOS,250,TRASPASOS
10/01/2025,SABADELL,INTERESES,"594,62",INTERESES
10/01/2025,SABADELL,GASTOS PAPA,"-6,25",CUOTA SOCIO MÚSICA
10/01/2025,SABADELL,GASTOS MAMA,"-6,25",CUOTA SOCIO MÚSICA
10/01/2025,SABADELL,TELEFONO,"-35,1",TELEFONO
16/01/2025,TRADE REPUBLIC,TRASPASOS,-250,TRASPASOS
16/01/2025,MSCI EMERGING MARKETS EUR (ACC),TRASPASOS,250,TRASPASOS
16/01/2025,TRADE REPUBLIC,TRASPASOS,-250,TRASPASOS
16/01/2025,MSCI WORLD USD (ACC),TRASPASOS,250,TRASPASOS
16/01/2025,TRADE REPUBLIC,TRASPASOS,-250,TRASPASOS
16/01/2025,CORE MSCI EUROPE EUR (ACC),TRASPASOS,250,TRASPASOS
16/01/2025,TRADE REPUBLIC,TRASPASOS,-250,TRASPASOS
16/01/2025,CORE S&P 500 USD (ACC),TRASPASOS,250,TRASPASOS
16/01/2025,TRADE REPUBLIC,TRASPASOS,-250,TRASPASOS
16/01/2025,NASDAQ 100 SWAP USD (ACC),TRASPASOS,250,TRASPASOS
20/01/2025,SABADELL,LUZ,"-48,34",LUZ
20/01/2025,SABADELL,GAS,"-19,83",GAS
21/01/2025,SABADELL,AGUA,"-33,53",AGUA
22/01/2025,SABADELL,GASTOS PAPA,-50,PAGO MULTA COCHE
23/01/2025,TRADE REPUBLIC,TRASPASOS,-250,TRASPASOS
23/01/2025,MSCI EMERGING MARKETS EUR (ACC),TRASPASOS,250,TRASPASOS
23/01/2025,TRADE REPUBLIC,TRASPASOS,-250,TRASPASOS
23/01/2025,MSCI WORLD USD (ACC),TRASPASOS,250,TRASPASOS
23/01/2025,TRADE REPUBLIC,TRASPASOS,-250,TRASPASOS
23/01/2025,CORE MSCI EUROPE EUR (ACC),TRASPASOS,250,TRASPASOS
23/01/2025,TRADE REPUBLIC,TRASPASOS,-250,TRASPASOS
23/01/2025,CORE S&P 500 USD (ACC),TRASPASOS,250,TRASPASOS
23/01/2025,TRADE REPUBLIC,TRASPASOS,-250,TRASPASOS
23/01/2025,NASDAQ 100 SWAP USD (ACC),TRASPASOS,250,TRASPASOS
23/01/2025,SABADELL,GASTOS PAPA,50,ABONO MULTA COCHE
24/01/2025,SABADELL,PENSION,"2263,71",PENSION
27/01/2025,CAJA,ROPA MAMA,-4,ROPA MAMA
27/01/2025,CAJA,REPARACIONES,"-6,5",REPARACIONES
27/01/2025,CAJA,LOTERIA,-7,LOTERIA
27/01/2025,CAJA,MATERIAL HIGIENE,"-18,95",MATERIAL HIGIENE
27/01/2025,CAJA,MATERIAL LIMPIEZA,"-20,45",MATERIAL LIMPIEZA
27/01/2025,CAJA,PELUQUERIA PAPA,-7,PELUQUERIA PAPA
27/01/2025,CAJA,COMIDA,"-636,1",COMIDA
27/01/2025,SABADELL,TRASPASOS,-2000,TRASPASOS
27/01/2025,TRADE REPUBLIC,TRASPASOS,2000,TRASPASOS
01/02/2025,CUENTA NARANJA,INTERESES,"0,15",INTERESES
01/02/2025,TRADE REPUBLIC,INTERESES,"104,02",INTERESES
03/02/2025,TRADE REPUBLIC,TRASPASOS,-250,TRASPASOS
03/02/2025,MSCI EMERGING MARKETS EUR (ACC),TRASPASOS,250,TRASPASOS
03/02/2025,TRADE REPUBLIC,TRASPASOS,-250,TRASPASOS
03/02/2025,MSCI WORLD USD (ACC),TRASPASOS,250,TRASPASOS
03/02/2025,TRADE REPUBLIC,TRASPASOS,-250,TRASPASOS
03/02/2025,CORE MSCI EUROPE EUR (ACC),TRASPASOS,250,TRASPASOS
03/02/2025,TRADE REPUBLIC,TRASPASOS,-250,TRASPASOS
03/02/2025,CORE S&P 500 USD (ACC),TRASPASOS,250,TRASPASOS
03/02/2025,TRADE REPUBLIC,TRASPASOS,-250,TRASPASOS
03/02/2025,NASDAQ 100 SWAP USD (ACC),TRASPASOS,250,TRASPASOS
03/02/2025,DEPOSITO ING 4 MESES,TRASPASOS,-15000,TRASPASOS
03/02/2025,CUENTA NARANJA,TRASPASOS,15000,TRASPASOS
03/02/2025,CUENTA NARANJA,INTERESES,"111,35",INTERESES
04/02/2025,CUENTA NARANJA,TRASPASOS,"-15326,18",TRASPASOS
04/02/2025,SABADELL,TRASPASOS,"15326,18",TRASPASOS
04/02/2025,SABADELL,TRASPASOS,-2000,TRASPASOS
04/02/2025,TRADE REPUBLIC,TRASPASOS,2000,TRASPASOS
05/02/2025,SABADELL,TRASPASOS,-2000,TRASPASOS
05/02/2025,TRADE REPUBLIC,TRASPASOS,2000,TRASPASOS
05/02/2025,SABADELL,MATERIAL HIGIENE,"-4,4",MATERIAL HIGIENE
05/02/2025,SABADELL,MATERIAL LIMPIEZA,"-9,85",MATERIAL LIMPIEZA
05/02/2025,SABADELL,COMIDA,"-22,45",COMIDA
06/02/2025,SABADELL,GARAJE,60,GARAJE
06/02/2025,SABADELL,TRASPASOS,-2000,TRASPASOS
06/02/2025,TRADE REPUBLIC,TRASPASOS,2000,TRASPASOS
07/02/2025,SABADELL,TRASPASOS,-2000,TRASPASOS
07/02/2025,TRADE REPUBLIC,TRASPASOS,2000,TRASPASOS
10/02/2025,TRADE REPUBLIC,TRASPASOS,-250,TRASPASOS
10/02/2025,MSCI EMERGING MARKETS EUR (ACC),TRASPASOS,250,TRASPASOS
10/02/2025,TRADE REPUBLIC,TRASPASOS,-250,TRASPASOS
10/02/2025,MSCI WORLD USD (ACC),TRASPASOS,250,TRASPASOS
10/02/2025,TRADE REPUBLIC,TRASPASOS,-250,TRASPASOS
10/02/2025,CORE MSCI EUROPE EUR (ACC),TRASPASOS,250,TRASPASOS
10/02/2025,TRADE REPUBLIC,TRASPASOS,-250,TRASPASOS
10/02/2025,CORE S&P 500 USD (ACC),TRASPASOS,250,TRASPASOS
10/02/2025,TRADE REPUBLIC,TRASPASOS,-250,TRASPASOS
10/02/2025,NASDAQ 100 SWAP USD (ACC),TRASPASOS,250,TRASPASOS
11/02/2025,SABADELL,MATERIAL HIGIENE,"-7,3",MATERIAL HIGIENE
11/02/2025,SABADELL,MATERIAL LIMPIEZA,"-4,3",MATERIAL LIMPIEZA
11/02/2025,SABADELL,COMIDA,"-25,39",COMIDA
12/02/2025,SABADELL,TELEFONO,-35,TELEFONO
13/02/2025,SABADELL,COMUNIDAD,-30,COMUNIDAD
13/02/2025,SABADELL,COMIDA,"-30,46",COMIDA
14/02/2025,SABADELL,REGALOS,-32,REGALOS
15/02/2025,SABADELL,COMIDA,"-25,45",COMIDA
15/02/2025,SABADELL,PELUQUERIA MAMA,-34,PELUQUERIA MAMA
17/02/2025,TRADE REPUBLIC,TRASPASOS,-250,TRASPASOS
17/02/2025,MSCI EMERGING MARKETS EUR (ACC),TRASPASOS,250,TRASPASOS
17/02/2025,TRADE REPUBLIC,TRASPASOS,-250,TRASPASOS
17/02/2025,MSCI WORLD USD (ACC),TRASPASOS,250,TRASPASOS
17/02/2025,TRADE REPUBLIC,TRASPASOS,-250,TRASPASOS
17/02/2025,CORE MSCI EUROPE EUR (ACC),TRASPASOS,250,TRASPASOS
17/02/2025,TRADE REPUBLIC,TRASPASOS,-250,TRASPASOS
17/02/2025,CORE S&P 500 USD (ACC),TRASPASOS,250,TRASPASOS
17/02/2025,TRADE REPUBLIC,TRASPASOS,-250,TRASPASOS
17/02/2025,NASDAQ 100 SWAP USD (ACC),TRASPASOS,250,TRASPASOS
20/02/2025,SABADELL,COMIDA,"-7,67",COMIDA
20/02/2025,SABADELL,TRASPASOS,-300,TRASPASOS
20/02/2025,CUENTA NO CUENTA,TRASPASOS,300,TRASPASOS
24/02/2025,SABADELL,LUZ,"-38,56",LUZ
24/02/2025,TRADE REPUBLIC,TRASPASOS,-250,TRASPASOS
24/02/2025,MSCI EMERGING MARKETS EUR (ACC),TRASPASOS,250,TRASPASOS
24/02/2025,TRADE REPUBLIC,TRASPASOS,-250,TRASPASOS
24/02/2025,MSCI WORLD USD (ACC),TRASPASOS,250,TRASPASOS
24/02/2025,TRADE REPUBLIC,TRASPASOS,-250,TRASPASOS
24/02/2025,CORE MSCI EUROPE EUR (ACC),TRASPASOS,250,TRASPASOS
24/02/2025,TRADE REPUBLIC,TRASPASOS,-250,TRASPASOS
24/02/2025,CORE S&P 500 USD (ACC),TRASPASOS,250,TRASPASOS
24/02/2025,TRADE REPUBLIC,TRASPASOS,-250,TRASPASOS
24/02/2025,NASDAQ 100 SWAP USD (ACC),TRASPASOS,250,TRASPASOS
24/02/2025,SABADELL,MEDICAMENTOS PAPA,"-13,66",MEDICAMENTOS PAPA
25/02/2025,SABADELL,PENSION,"2263,71",PENSION
25/02/2025,CAJA,MATERIAL HIGIENE,"-1,92",MATERIAL HIGIENE
25/02/2025,CAJA,MATERIAL HIGIENE,"-4,6",MATERIAL HIGIENE
25/02/2025,CAJA,LOTERIA,-16,LOTERIA
25/02/2025,CAJA,MEDICAMENTOS MAMA,"-56,79",MEDICAMENTOS MAMA
25/02/2025,CAJA,MEDICAMENTOS PAPA,"-10,9",MEDICAMENTOS PAPA
25/02/2025,CAJA,MEDICO MAMA,-210,MEDICO MAMA
25/02/2025,CAJA,COMIDA,"-299,79",COMIDA
01/03/2025,TRADE REPUBLIC,INTERESES,"95,54",INTERESES
01/03/2025,CUENTA NARANJA,INTERESES,"0,35",INTERESES
03/03/2025,SABADELL,COMUNIDAD,-30,COMUNIDAD
03/03/2025,TRADE REPUBLIC,TRASPASOS,-250,TRASPASOS
03/03/2025,MSCI EMERGING MARKETS EUR (ACC),TRASPASOS,250,TRASPASOS
03/03/2025,TRADE REPUBLIC,TRASPASOS,-250,TRASPASOS
03/03/2025,MSCI WORLD USD (ACC),TRASPASOS,250,TRASPASOS
03/03/2025,TRADE REPUBLIC,TRASPASOS,-250,TRASPASOS
03/03/2025,CORE MSCI EUROPE EUR (ACC),TRASPASOS,250,TRASPASOS
03/03/2025,TRADE REPUBLIC,TRASPASOS,-250,TRASPASOS
03/03/2025,CORE S&P 500 USD (ACC),TRASPASOS,250,TRASPASOS
03/03/2025,TRADE REPUBLIC,TRASPASOS,-250,TRASPASOS
03/03/2025,NASDAQ 100 SWAP USD (ACC),TRASPASOS,250,TRASPASOS
03/03/2025,SABADELL,COMIDA,"-28,08",COMIDA
03/03/2025,SABADELL,MATERIAL HIGIENE,"-3,45",MATERIAL HIGIENE
03/03/2025,SABADELL,COMIDA,"-12,79",COMIDA
05/03/2025,SABADELL,AGUA,"-5,28",AGUA
07/03/2025,SABADELL,MATERIAL HIGIENE,"-4,3",MATERIAL HIGIENE
07/03/2025,SABADELL,MATERIAL LIMPIEZA,"-7,95",MATERIAL LIMPIEZA
07/03/2025,SABADELL,COMIDA,"-26,35",COMIDA
10/03/2025,TRADE REPUBLIC,TRASPASOS,-250,TRASPASOS
10/03/2025,MSCI EMERGING MARKETS EUR (ACC),TRASPASOS,250,TRASPASOS
10/03/2025,TRADE REPUBLIC,TRASPASOS,-250,TRASPASOS
10/03/2025,MSCI WORLD USD (ACC),TRASPASOS,250,TRASPASOS
10/03/2025,TRADE REPUBLIC,TRASPASOS,-250,TRASPASOS
10/03/2025,CORE MSCI EUROPE EUR (ACC),TRASPASOS,250,TRASPASOS
10/03/2025,TRADE REPUBLIC,TRASPASOS,-250,TRASPASOS
10/03/2025,CORE S&P 500 USD (ACC),TRASPASOS,250,TRASPASOS
10/03/2025,TRADE REPUBLIC,TRASPASOS,-250,TRASPASOS
10/03/2025,NASDAQ 100 SWAP USD (ACC),TRASPASOS,250,TRASPASOS
10/03/2025,SABADELL,COMIDA,"-26,38",COMIDA
10/03/2025,SABADELL,GARAJE,60,GARAJE
12/03/2025,SABADELL,TELEFONO,-35,TELEFONO
12/03/2025,SABADELL,REGALOS,-50,REGALOS
12/03/2025,SABADELL,COMIDA,"-41,41",COMIDA
17/03/2025,TRADE REPUBLIC,TRASPASOS,-250,TRASPASOS
17/03/2025,MSCI EMERGING MARKETS EUR (ACC),TRASPASOS,250,TRASPASOS
17/03/2025,TRADE REPUBLIC,TRASPASOS,-250,TRASPASOS
17/03/2025,MSCI WORLD USD (ACC),TRASPASOS,250,TRASPASOS
17/03/2025,TRADE REPUBLIC,TRASPASOS,-250,TRASPASOS
17/03/2025,CORE MSCI EUROPE EUR (ACC),TRASPASOS,250,TRASPASOS
17/03/2025,TRADE REPUBLIC,TRASPASOS,-250,TRASPASOS
17/03/2025,CORE S&P 500 USD (ACC),TRASPASOS,250,TRASPASOS
17/03/2025,TRADE REPUBLIC,TRASPASOS,-250,TRASPASOS
17/03/2025,NASDAQ 100 SWAP USD (ACC),TRASPASOS,250,TRASPASOS
17/03/2025,SABADELL,MATERIAL HIGIENE,"-5,15",MATERIAL HIGIENE
17/03/2025,SABADELL,COMIDA,"-9,74",COMIDA
17/03/2025,SABADELL,COMIDA,"-15,1",COMIDA
18/03/2025,SABADELL,LUZ,"-30,56",LUZ
19/03/2025,SABADELL,MEDICAMENTOS MAMA,"-6,68",MEDICAMENTOS MAMA
19/03/2025,SABADELL,MEDICAMENTOS PAPA,"-1,33",MEDICAMENTOS PAPA
20/03/2025,SABADELL,GAS,"-22,05",GAS
21/03/2025,SABADELL,COMIDA,"-54,6",COMIDA
24/03/2025,SABADELL,REGALOS,-50,REGALOS
24/03/2025,SABADELL,TRASPASOS,-2000,TRASPASOS
24/03/2025,TRADE REPUBLIC,TRASPASOS,2000,TRASPASOS
24/03/2025,TRADE REPUBLIC,TRASPASOS,-250,TRASPASOS
24/03/2025,MSCI EMERGING MARKETS EUR (ACC),TRASPASOS,250,TRASPASOS
24/03/2025,TRADE REPUBLIC,TRASPASOS,-250,TRASPASOS
24/03/2025,MSCI WORLD USD (ACC),TRASPASOS,250,TRASPASOS
24/03/2025,TRADE REPUBLIC,TRASPASOS,-250,TRASPASOS
24/03/2025,CORE MSCI EUROPE EUR (ACC),TRASPASOS,250,TRASPASOS
24/03/2025,TRADE REPUBLIC,TRASPASOS,-250,TRASPASOS
24/03/2025,CORE S&P 500 USD (ACC),TRASPASOS,250,TRASPASOS
24/03/2025,TRADE REPUBLIC,TRASPASOS,-250,TRASPASOS
24/03/2025,NASDAQ 100 SWAP USD (ACC),TRASPASOS,250,TRASPASOS
24/03/2025,CAJA,REPARACIONES,-77,REPARACIONES
24/03/2025,CAJA,MATERIAL HIGIENE,"-1,35",MATERIAL HIGIENE
24/03/2025,CAJA,MEDICAMENTOS MAMA,"-45,3",MEDICAMENTOS MAMA
24/03/2025,CAJA,MEDICAMENTOS PAPA,"-4,24",MEDICAMENTOS PAPA
24/03/2025,CAJA,PELUQUERIA PAPA,-7,PELUQUERIA PAPA
24/03/2025,CAJA,LOTERIA,-5,LOTERIA
24/03/2025,CAJA,ENSERES,-2,ENSERES
24/03/2025,CAJA,COMIDA,"-158,11",COMIDA
25/03/2025,SABADELL,PENSION,"2263,71",PENSION
25/03/2025,SABADELL,TRASPASOS,-2000,TRASPASOS
25/03/2025,TRADE REPUBLIC,TRASPASOS,2000,TRASPASOS
25/03/2025,SABADELL,COMIDA,"-14,98",COMIDA
25/03/2025,SABADELL,COMIDA,"-11,22",COMIDA
26/03/2025,SABADELL,TRASPASOS,-2000,TRASPASOS
26/03/2025,TRADE REPUBLIC,TRASPASOS,2000,TRASPASOS
27/03/2025,SABADELL,TRASPASOS,-2000,TRASPASOS
27/03/2025,TRADE REPUBLIC,TRASPASOS,2000,TRASPASOS
27/03/2025,SABADELL,MATERIAL HIGIENE,"-1,35",MATERIAL HIGIENE
27/03/2025,SABADELL,COMIDA,"-34,71",COMIDA
30/03/2025,CUENTA NARANJA,TRASPASOS,"-0,35",TRASPASOS
30/03/2025,CUENTA NO CUENTA,TRASPASOS,"0,35",TRASPASOS
31/03/2025,CUENTA NO CUENTA,TRASPASOS,"-300,35",TRASPASOS
31/03/2025,SABADELL,TRASPASOS,"300,35",TRASPASOS
31/03/2025,SABADELL,PELUQUERIA MAMA,-24,PELUQUERIA MAMA
01/04/2025,TRADE REPUBLIC,INTERESES,"93,67",INTERESES
01/04/2025,SABADELL,COMUNIDAD,-30,COMUNIDAD
02/04/2025,TRADE REPUBLIC,TRASPASOS,-250,TRASPASOS
02/04/2025,MSCI EMERGING MARKETS EUR (ACC),TRASPASOS,250,TRASPASOS
02/04/2025,TRADE REPUBLIC,TRASPASOS,-250,TRASPASOS
02/04/2025,CORE MSCI EUROPE EUR (ACC),TRASPASOS,250,TRASPASOS
02/04/2025,SABADELL,MATERIAL HIGIENE,"-1,35",MATERIAL HIGIENE
02/04/2025,SABADELL,COMIDA,"-38,08",COMIDA
02/04/2025,SABADELL,TRASPASOS,-500,TRASPASOS
03/04/2025,CUENTA CIVISLEND,TRASPASOS,500,TRASPASOS
03/04/2025,SABADELL,AGUA,"-3,4",AGUA
03/04/2025,SABADELL,AGUA,"-56,47",AGUA
03/04/2025,SABADELL,GASTOS MAMA,"-6,25",CUOTA SOCIO MÚSICA
03/04/2025,SABADELL,GASTOS PAPA,"-6,25",CUOTA SOCIO MÚSICA
04/04/2025,SABADELL,COMIDA,"-14,5",COMIDA
05/04/2025,SABADELL,TRANSPORTE,-4,TRANSPORTE
06/04/2025,SABADELL,GARAJE,60,GARAJE
07/04/2025,SABADELL,MATERIAL HIGIENE,"-1,8",MATERIAL HIGIENE
07/04/2025,SABADELL,COMIDA,"-34,95",COMIDA
08/04/2025,SABADELL,MEDICAMENTOS PAPA,"-4,24",MEDICAMENTOS PAPA
08/04/2025,SABADELL,TRASPASOS,-500,TRASPASOS
08/04/2025,CUENTA CIVISLEND,TRASPASOS,500,TRASPASOS
09/04/2025,TRADE REPUBLIC,TRASPASOS,-250,TRASPASOS
09/04/2025,MSCI EMERGING MARKETS EUR (ACC),TRASPASOS,250,TRASPASOS
09/04/2025,TRADE REPUBLIC,TRASPASOS,-250,TRASPASOS
09/04/2025,CORE MSCI EUROPE EUR (ACC),TRASPASOS,250,TRASPASOS
10/04/2025,SABADELL,COMIDA,"-14,99",COMIDA
11/04/2025,SABADELL,TRASPASOS,-1000,TRASPASOS
11/04/2025,CRIPTAN,TRASPASOS,1000,TRASPASOS
14/04/2025,SABADELL,TELEFONO,-35,TELEFONO
14/04/2025,SABADELL,MATERIAL HIGIENE,"-1,45",MATERIAL HIGIENE
14/04/2025,SABADELL,MATERIAL LIMPIEZA,"-6,95",MATERIAL LIMPIEZA
14/04/2025,SABADELL,COMIDA,"-49,02",COMIDA
15/04/2025,SABADELL,COMIDA,"-11,44",COMIDA
15/04/2025,SABADELL,COMIDA,"-8,4",COMIDA
15/04/2025,SABADELL,MEDICAMENTOS MAMA,"-27,35",MEDICAMENTOS MAMA
15/04/2025,SABADELL,MEDICAMENTOS PAPA,"-1,33",MEDICAMENTOS PAPA
16/04/2025,SABADELL,LUZ,"-26,17",LUZ
16/04/2025,TRADE REPUBLIC,TRASPASOS,-250,TRASPASOS
16/04/2025,MSCI EMERGING MARKETS EUR (ACC),TRASPASOS,250,TRASPASOS
16/04/2025,TRADE REPUBLIC,TRASPASOS,-250,TRASPASOS
16/04/2025,CORE MSCI EUROPE EUR (ACC),TRASPASOS,250,TRASPASOS
19/04/2025,SABADELL,MATERIAL HIGIENE,"-5,9",MATERIAL HIGIENE
19/04/2025,SABADELL,COMIDA,"-47,64",COMIDA
21/04/2025,SABADELL,COMIDA,"-10,5",COMIDA
21/04/2025,SABADELL,TRASPASOS,-500,TRASPASOS
21/04/2025,CUENTA CIVISLEND,TRASPASOS,500,TRASPASOS
23/04/2025,TRADE REPUBLIC,TRASPASOS,-250,TRASPASOS
23/04/2025,MSCI EMERGING MARKETS EUR (ACC),TRASPASOS,250,TRASPASOS
23/04/2025,TRADE REPUBLIC,TRASPASOS,-250,TRASPASOS
23/04/2025,CORE MSCI EUROPE EUR (ACC),TRASPASOS,250,TRASPASOS
23/04/2025,SABADELL,COMIDA,"-23,49",COMIDA
25/04/2025,SABADELL,PENSION,"2263,71",PENSION
25/04/2025,CAJA,ROPA PAPA,-4,ROPA PAPA
25/04/2025,CAJA,MATERIAL HIGIENE,"-3,99",MATERIAL HIGIENE
25/04/2025,CAJA,MEDICAMENTOS PAPA,"-20,25",MEDICAMENTOS PAPA
25/04/2025,CAJA,MEDICO PAPA,-40,MEDICO PAPA
25/04/2025,CAJA,PELUQUERIA PAPA,-7,PELUQUERIA PAPA
25/04/2025,CAJA,COMIDA,"-116,76",COMIDA
25/04/2025,CAJA,LOTERIA,-8,LOTERIA
25/04/2025,SABADELL,MEDICAMENTOS MAMA,"-32,95",MEDICAMENTOS MAMA
25/04/2025,SABADELL,MATERIAL LIMPIEZA,"-6,95",MATERIAL LIMPIEZA
25/04/2025,SABADELL,COMIDA,"-37,83",COMIDA
01/05/2025,TRADE REPUBLIC,INTERESES,"91,58",INTERESES
01/05/2025,SABADELL,COMUNIDAD,-30,COMUNIDAD
01/05/2025,SABADELL,GARAJE,60,GARAJE
03/05/2025,SABADELL,TRASPASOS,-100,TRASPASOS
03/05/2025,CUENTA INDEXA CAPITAL,TRASPASOS,100,TRASPASOS
06/05/2025,SABADELL,HACIENDA,"484,2",HACIENDA
07/05/2025,SABADELL,HACIENDA,"3,35",HACIENDA
09/05/2025,FONDO CUENTA NARANJA 90,TRASPASOS,-50000,TRASPASOS
09/05/2025,FONDO INDEXA CAPITAL,TRASPASOS,50000,TRASPASOS
10/05/2025,SABADELL,TRASPASOS,-500,TRASPASOS
10/05/2025,CUENTA CIVISLEND,TRASPASOS,500,TRASPASOS
10/05/2025,SABADELL,TRANSPORTE,"-53,82",TRANSPORTE
10/05/2025,SABADELL,COMIDA,"-29,13",COMIDA
12/05/2025,SABADELL,TELEFONO,"-35,3",TELEFONO
14/05/2025,FONDO CUENTA FIDELY GLOBAL TEC.,TRASPASOS,-25000,TRASPASOS
14/05/2025,FONDO INDEXA CAPITAL,TRASPASOS,25000,TRASPASOS
14/05/2025,SABADELL,TRASPASOS,-200,TRASPASOS
14/05/2025,CUENTA INDEXA CAPITAL,TRASPASOS,200,TRASPASOS
15/05/2025,SABADELL,PELUQUERIA MAMA,-24,PELUQUERIA MAMA
19/05/2025,CUENTA INDEXA CAPITAL,TRASPASOS,-300,TRASPASOS
19/05/2025,FONDO INDEXA CAPITAL,TRASPASOS,300,TRASPASOS
19/05/2025,SABADELL,LUZ,"-26,87",LUZ
21/05/2025,SABADELL,TRASPASOS,-500,TRASPASOS
21/05/2025,CUENTA CIVISLEND,TRASPASOS,500,TRASPASOS
23/05/2025,CUENTA NARANJA,PENSION,"84,24",MAMA
23/05/2025,CUENTA NARANJA,PENSION,"315,9",MAMA
23/05/2025,SABADELL,GAS,"-15,75",GAS
23/05/2025,SABADELL,PENSION,"2263,71",PENSION
23/05/2025,TRADE REPUBLIC,TRASPASOS,-502,TRASPASOS
23/05/2025,MSCI EMERGING MARKETS EUR (ACC),TRASPASOS,502,TRASPASOS
23/05/2025,TRADE REPUBLIC,TRASPASOS,-251,TRASPASOS
23/05/2025,CORE MSCI EUROPE EUR (ACC),TRASPASOS,251,TRASPASOS
23/05/2025,SABADELL,TRASPASOS,-2000,TRASPASOS
23/05/2025,CUENTA MYINVESTOR,TRASPASOS,2000,TRASPASOS
23/05/2025,SABADELL,TRASPASOS,-2000,TRASPASOS
23/05/2025,TRADE REPUBLIC,TRASPASOS,2000,TRASPASOS
27/05/2025,CUENTA MYINVESTOR,INTERESES,"16,2",BONIFICACION
27/05/2025,TRADE REPUBLIC,TRASPASOS,-249,TRASPASOS
27/05/2025,MSCI EMERGING MARKETS EUR (ACC),TRASPASOS,249,TRASPASOS
27/05/2025,TRADE REPUBLIC,TRASPASOS,-250,TRASPASOS
27/05/2025,CORE MSCI EUROPE EUR (ACC),TRASPASOS,250,TRASPASOS
27/05/2025,CAJA,MEDICAMENTOS PAPA,"-12,73",MEDICAMENTOS PAPA
27/05/2025,CAJA,LOTERIA,-1,LOTERIA
27/05/2025,CAJA,ZAPATILLAS PAPA,-22,ZAPATILLAS PAPA
28/05/2025,TRADE REPUBLIC,TRASPASOS,-499,TRASPASOS
28/05/2025,MSCI EMERGING MARKETS EUR (ACC),TRASPASOS,499,TRASPASOS
28/05/2025,TRADE REPUBLIC,TRASPASOS,-699,TRASPASOS
28/05/2025,CORE MSCI EUROPE EUR (ACC),TRASPASOS,699,TRASPASOS
28/05/2025,CUENTA MYINVESTOR,TRASPASOS,-2000,TRASPASOS
28/05/2025,FONDO MYINVESTOR,TRASPASOS,2000,TRASPASOS
30/05/2025,CAJA,MEDICO MAMA,-50,MEDICO MAMA
30/05/2025,CAJA,PELUQUERIA PAPA,-7,PELUQUERIA PAPA
30/05/2025,CAJA,ROPA PAPA,-3,ROPA PAPA
30/05/2025,CAJA,COMIDA,"-104,27",COMIDA
30/05/2025,SABADELL,COMIDA,"-302,84",COMIDA
30/05/2025,SABADELL,MATERIAL HIGIENE,"-9,55",MATERIAL HIGIENE
30/05/2025,SABADELL,MATERIAL LIMPIEZA,"-7,95",MATERIAL LIMPIEZA
30/05/2025,SABADELL,MEDICAMENTOS PAPA,"-5,57",MEDICAMENTOS PAPA
30/05/2025,SABADELL,MEDICAMENTOS PAPA,"-0,16",MEDICAMENTOS PAPA
30/05/2025,SABADELL,ROPA PAPA,"-15,99",ROPA PAPA
30/05/2025,SABADELL,ROPA MAMA,"-36,01",ROPA MAMA
01/06/2025,TRADE REPUBLIC,INTERESES,"86,42",INTERESES
01/06/2025,CUENTA NARANJA,INTERESES,"0,04",INTERESES
01/06/2025,SABADELL,COMUNIDAD,-30,COMUNIDAD
02/06/2025,SABADELL,GARAJE,60,GARAJE
02/06/2025,TRADE REPUBLIC,TRASPASOS,-250,TRASPASOS
02/06/2025,MSCI EMERGING MARKETS EUR (ACC),TRASPASOS,250,TRASPASOS
02/06/2025,TRADE REPUBLIC,TRASPASOS,-250,TRASPASOS
02/06/2025,CORE MSCI EUROPE EUR (ACC),TRASPASOS,250,TRASPASOS
09/06/2025,TRADE REPUBLIC,TRASPASOS,-250,TRASPASOS
09/06/2025,MSCI EMERGING MARKETS EUR (ACC),TRASPASOS,250,TRASPASOS
09/06/2025,TRADE REPUBLIC,TRASPASOS,-250,TRASPASOS
09/06/2025,CORE MSCI EUROPE EUR (ACC),TRASPASOS,250,TRASPASOS
10/06/2025,SABADELL,IBI URBANA,"-477,51",IBI URBANA
10/06/2025,TRADE REPUBLIC,TRASPASOS,-1000,TRASPASOS
10/06/2025,SABADELL,TRASPASOS,1000,TRASPASOS
10/06/2025,SABADELL,TRASPASOS,-1000,TRASPASOS
10/06/2025,CUENTA CIVISLEND,TRASPASOS,1000,TRASPASOS
11/06/2025,CUENTA CIVISLEND,TRASPASOS,-500,TRASPASOS
11/06/2025,SABADELL,TRASPASOS,500,TRASPASOS
12/06/2025,SABADELL,TELEFONO,-35,TELEFONO
14/06/2025,SABADELL,PELUQUERIA MAMA,-36,PELUQUERIA MAMA
16/06/2025,TRADE REPUBLIC,TRASPASOS,-250,TRASPASOS
16/06/2025,MSCI EMERGING MARKETS EUR (ACC),TRASPASOS,250,TRASPASOS
16/06/2025,TRADE REPUBLIC,TRASPASOS,-250,TRASPASOS
16/06/2025,CORE MSCI EUROPE EUR (ACC),TRASPASOS,250,TRASPASOS
16/06/2025,TRADE REPUBLIC,TRASPASOS,-3000,TRASPASOS
16/06/2025,SABADELL,TRASPASOS,3000,TRASPASOS
16/06/2025,SABADELL,TRASPASOS,-1000,TRASPASOS
16/06/2025,CUENTA INDEXA CAPITAL,TRASPASOS,1000,TRASPASOS
16/06/2025,CUENTA INDEXA CAPITAL,TRASPASOS,-1000,TRASPASOS
16/06/2025,FONDO INDEXA CAPITAL,TRASPASOS,1000,TRASPASOS
16/06/2025,SABADELL,TRASPASOS,-1000,TRASPASOS
16/06/2025,CUENTA MYINVESTOR,TRASPASOS,1000,TRASPASOS
16/06/2025,CUENTA MYINVESTOR,TRASPASOS,-1000,TRASPASOS
16/06/2025,FONDO MYINVESTOR,TRASPASOS,1000,TRASPASOS
17/06/2025,SABADELL,LUZ,"-25,11",LUZ
17/06/2025,SABADELL,TRASPASOS,-1000,TRASPASOS
17/06/2025,CUENTA MYINVESTOR,TRASPASOS,1000,TRASPASOS
17/06/2025,CUENTA MYINVESTOR,TRASPASOS,-1000,TRASPASOS
17/06/2025,FONDO MYINVESTOR,TRASPASOS,1000,TRASPASOS
18/06/2025,CUENTA CIVISLEND,TRASPASOS,-1000,TRASPASOS
18/06/2025,SABADELL,TRASPASOS,1000,TRASPASOS
18/06/2025,SABADELL,TRASPASOS,-1000,TRASPASOS
18/06/2025,CRIPTAN,TRASPASOS,1000,TRASPASOS
23/06/2025,TRADE REPUBLIC,TRASPASOS,-250,TRASPASOS
23/06/2025,MSCI EMERGING MARKETS EUR (ACC),TRASPASOS,250,TRASPASOS
23/06/2025,TRADE REPUBLIC,TRASPASOS,-250,TRASPASOS
23/06/2025,CORE MSCI EUROPE EUR (ACC),TRASPASOS,250,TRASPASOS
25/06/2025,SABADELL,PENSION,"2263,71",PENSION
25/06/2025,SABADELL,PENSION,"2263,71",PENSION
25/06/2025,SABADELL,TRASPASOS,-1000,TRASPASOS
25/06/2025,CUENTA CIVISLEND,TRASPASOS,1000,TRASPASOS
26/06/2025,CUENTA NARANJA,PENSION,"315,9",PENSION MAMA
27/06/2025,SABADELL,TRASPASOS,-650,TRASPASOS
27/06/2025,CAJA,TRASPASOS,650,TRASPASOS
28/06/2025,SABADELL,TRASPASOS,-100,TRASPASOS
28/06/2025,CAJA,TRASPASOS,100,TRASPASOS
28/06/2025,SABADELL,INTERESES,"-0,3",INTERESES
28/06/2025,CAJA,MEDICO PAPA,-30,MEDICO PAPA
28/06/2025,CAJA,MEDICO MAMA,-80,MEDICO MAMA
28/06/2025,CAJA,REGALOS,-50,REGALOS
28/06/2025,CAJA,LOTERIA,-63,LOTERIA
28/06/2025,CAJA,PELUQUERIA PAPA,-7,PELUQUERIA PAPA
28/06/2025,CAJA,MATERIAL HIGIENE,"-3,99",MATERIAL HIGIENE
28/06/2025,CAJA,ROPA PAPA,-3,ROPA PAPA
28/06/2025,CAJA,COMIDA,"-63,01",COMIDA
30/06/2025,SABADELL,SEGURO VIVIENDA,"-150,17",SEGURO VIVIENDA
30/06/2025,SABADELL,MATERIAL HIGIENE,"-3,65",MATERIAL HIGIENE
30/06/2025,SABADELL,MATERIAL LIMPIEZA,"-2,8",MATERIAL LIMPIEZA
30/06/2025,SABADELL,MEDICAMENTOS MAMA,"-11,2",MEDICAMENTOS MAMA
30/06/2025,SABADELL,MEDICAMENTOS PAPA,"-5,57",MEDICAMENTOS PAPA
30/06/2025,SABADELL,COMIDA,"-332,27",COMIDA
30/06/2025,SABADELL,ENSERES,"-20,74",ENSERES
30/06/2025,SABADELL,ENSERES,"-62,69",LAMPARA
01/07/2025,CUENTA NARANJA,INTERESES,"0,15",INTERESES
01/07/2025,TRADE REPUBLIC,INTERESES,"57,44",INTERESES
01/07/2025,SABADELL,COMUNIDAD,-30,COMUNIDAD
01/07/2025,CUENTA MYINVESTOR,INTERESES,"0,11",INTERESES
02/07/2025,TRADE REPUBLIC,TRASPASOS,-1250,TRASPASOS
02/07/2025,MSCI WORLD USD (ACC),TRASPASOS,250,TRASPASOS
02/07/2025,MSCI EMERGING MARKETS EUR (ACC),TRASPASOS,250,TRASPASOS
02/07/2025,CORE S&P 500 USD (ACC),TRASPASOS,250,TRASPASOS
02/07/2025,CORE MSCI EUROPE EUR (ACC),TRASPASOS,250,TRASPASOS
02/07/2025,NASDAQ 100 SWAP USD (ACC),TRASPASOS,250,TRASPASOS
02/07/2025,SABADELL,GARAJE,60,GARAJE
03/07/2025,SABADELL,AGUA,"-54,83",AGUA
03/07/2025,SABADELL,AGUA,"-3,4",AGUA
03/07/2025,SABADELL,GASTOS MAMA,"-7,5",CUOTA SOCIO MÚSICA
03/07/2025,SABADELL,GASTOS PAPA,"-7,5",CUOTA SOCIO MÚSICA
04/07/2025,SABADELL,LA ALIANZA,"-177,77",LA ALIANZA
05/07/2025,SABADELL,GARAJE,-70,GARAJE
09/07/2025,TRADE REPUBLIC,TRASPASOS,-1250,TRASPASOS
09/07/2025,MSCI WORLD USD (ACC),TRASPASOS,250,TRASPASOS
09/07/2025,MSCI EMERGING MARKETS EUR (ACC),TRASPASOS,250,TRASPASOS
09/07/2025,CORE S&P 500 USD (ACC),TRASPASOS,250,TRASPASOS
09/07/2025,CORE MSCI EUROPE EUR (ACC),TRASPASOS,250,TRASPASOS
09/07/2025,NASDAQ 100 SWAP USD (ACC),TRASPASOS,250,TRASPASOS
09/07/2025,SABADELL,TRASPASOS,-1000,TRASPASOS
09/07/2025,CUENTA CIVISLEND,TRASPASOS,1000,TRASPASOS
14/07/2025,SABADELL,TELEFONO,"-21,67",TELEFONO
15/07/2025,SABADELL,LUZ,"-55,97",LUZ
16/07/2025,TRADE REPUBLIC,TRASPASOS,-1250,TRASPASOS
16/07/2025,MSCI WORLD USD (ACC),TRASPASOS,250,TRASPASOS
16/07/2025,MSCI EMERGING MARKETS EUR (ACC),TRASPASOS,250,TRASPASOS
16/07/2025,CORE S&P 500 USD (ACC),TRASPASOS,250,TRASPASOS
16/07/2025,CORE MSCI EUROPE EUR (ACC),TRASPASOS,250,TRASPASOS
16/07/2025,NASDAQ 100 SWAP USD (ACC),TRASPASOS,250,TRASPASOS
16/07/2025,SABADELL,PELUQUERIA MAMA,-24,PELUQUERIA MAMA
21/07/2025,SABADELL,GAS,"-22,14",GAS
23/07/2025,TRADE REPUBLIC,TRASPASOS,-1250,TRASPASOS
23/07/2025,MSCI WORLD USD (ACC),TRASPASOS,250,TRASPASOS
23/07/2025,MSCI EMERGING MARKETS EUR (ACC),TRASPASOS,250,TRASPASOS
23/07/2025,CORE S&P 500 USD (ACC),TRASPASOS,250,TRASPASOS
23/07/2025,CORE MSCI EUROPE EUR (ACC),TRASPASOS,250,TRASPASOS
23/07/2025,NASDAQ 100 SWAP USD (ACC),TRASPASOS,250,TRASPASOS
23/07/2025,SABADELL,TRASPASOS,-1000,TRASPASOS
23/07/2025,CUENTA CIVISLEND,TRASPASOS,1000,TRASPASOS
24/07/2025,CUENTA NARANJA,PENSION,"315,9",PENSION MAMA
24/07/2025,CUENTA NARANJA,TRASPASOS,-1000,TRASPASOS
24/07/2025,SABADELL,TRASPASOS,1000,TRASPASOS
25/07/2025,SABADELL,PENSION,"2263,71",PENSION
25/07/2025,SABADELL,TRASPASOS,-1000,TRASPASOS
25/07/2025,CUENTA MYINVESTOR,TRASPASOS,1000,TRASPASOS
30/07/2025,SABADELL,LUZ,"-20,94",LUZ
30/07/2025,FONDO INDEXA CAPITAL,INTERESES,"21137,19",REGULARIZACION
30/07/2025,CAJA,REGALOS,-50,REGALOS
30/07/2025,CAJA,PELUQUERIA PAPA,-7,PELUQUERIA PAPA
30/07/2025,CAJA,REPARACIONES,"-197,13",REPARACIONES
30/07/2025,CAJA,MEDICO MAMA,"-21,6",MEDICO MAMA
30/07/2025,CAJA,COMIDA,"-24,27",COMIDA
31/07/2025,SABADELL,COMIDA,"-534,85",COMIDA
31/07/2025,SABADELL,MATERIAL HIGIENE,"-14,7",MATERIAL HIGIENE
31/07/2025,SABADELL,MATERIAL LIMPIEZA,"-22,45",MATERIAL LIMPIEZA
31/07/2025,SABADELL,REPARACIONES,"-8,75",REPARACIONES
31/07/2025,SABADELL,MEDICAMENTOS PAPA,"-5,57",MEDICAMENTOS PAPA
31/07/2025,SABADELL,MEDICAMENTOS MAMA,"-43,71",MEDICAMENTOS MAMA
01/08/2025,CUENTA NARANJA,INTERESES,"0,19",INTERESES
01/08/2025,TRADE REPUBLIC,INTERESES,"49,04",INTERESES
01/08/2025,TRADE REPUBLIC,TRASPASOS,1000,TRASPASOS
01/08/2025,SABADELL,TRASPASOS,-1000,TRASPASOS
01/08/2025,SABADELL,COMUNIDAD,-30,COMUNIDAD
03/08/2025,SABADELL,TRASPASOS,-1000,TRASPASOS
03/08/2025,CUENTA CIVISLEND,TRASPASOS,1000,TRASPASOS
03/08/2025,CUENTA MYINVESTOR,TRASPASOS,-1000,TRASPASOS
03/08/2025,FONDO MYINVESTOR,TRASPASOS,1000,TRASPASOS
04/08/2025,SABADELL,GARAJE,60,GARAJE
04/08/2025,TRADE REPUBLIC,TRASPASOS,-1250,TRASPASOS
04/08/2025,MSCI WORLD USD (ACC),TRASPASOS,250,TRASPASOS
04/08/2025,MSCI EMERGING MARKETS EUR (ACC),TRASPASOS,250,TRASPASOS
04/08/2025,CORE S&P 500 USD (ACC),TRASPASOS,250,TRASPASOS
04/08/2025,CORE MSCI EUROPE EUR (ACC),TRASPASOS,250,TRASPASOS
04/08/2025,NASDAQ 100 SWAP USD (ACC),TRASPASOS,250,TRASPASOS
08/08/2025,FONDO INDEXA CAPITAL,TRASPASOS,"-27437,19",TRASPASOS
08/08/2025,SABADELL,TRASPASOS,"27437,19",TRASPASOS
08/08/2025,SABADELL,TRASPASOS,-2000,TRASPASOS
08/08/2025,CRIPTAN,TRASPASOS,2000,TRASPASOS
11/08/2025,TRADE REPUBLIC,TRASPASOS,-1250,TRASPASOS
11/08/2025,MSCI WORLD USD (ACC),TRASPASOS,250,TRASPASOS
11/08/2025,MSCI EMERGING MARKETS EUR (ACC),TRASPASOS,250,TRASPASOS
11/08/2025,CORE S&P 500 USD (ACC),TRASPASOS,250,TRASPASOS
11/08/2025,CORE MSCI EUROPE EUR (ACC),TRASPASOS,250,TRASPASOS
11/08/2025,NASDAQ 100 SWAP USD (ACC),TRASPASOS,250,TRASPASOS
11/08/2025,SABADELL,TRASPASOS,-2000,TRASPASOS
11/08/2025,TRADE REPUBLIC,TRASPASOS,2000,TRASPASOS
11/08/2025,SABADELL,TRASPASOS,-2000,TRASPASOS
11/08/2025,CUENTA MYINVESTOR,TRASPASOS,2000,TRASPASOS
11/08/2025,CUENTA MYINVESTOR,TRASPASOS,-2000,TRASPASOS
11/08/2025,FONDO MYINVESTOR,TRASPASOS,2000,TRASPASOS
11/08/2025,SABADELL,TRASPASOS,-2000,TRASPASOS
11/08/2025,CRIPTAN,TRASPASOS,2000,TRASPASOS
12/08/2025,SABADELL,TRASPASOS,-2000,TRASPASOS
12/08/2025,TRADE REPUBLIC,TRASPASOS,2000,TRASPASOS
12/08/2025,SABADELL,TRASPASOS,-3000,TRASPASOS
12/08/2025,CUENTA MYINVESTOR,TRASPASOS,3000,TRASPASOS
12/08/2025,CUENTA MYINVESTOR,TRASPASOS,-3000,TRASPASOS
12/08/2025,FONDO MYINVESTOR,TRASPASOS,3000,TRASPASOS
12/08/2025,SABADELL,TRASPASOS,-2000,TRASPASOS
12/08/2025,CRIPTAN,TRASPASOS,2000,TRASPASOS
13/08/2025,SABADELL,TRASPASOS,-2000,TRASPASOS
13/08/2025,TRADE REPUBLIC,TRASPASOS,2000,TRASPASOS
13/08/2025,SABADELL,TRASPASOS,-2000,TRASPASOS
13/08/2025,CUENTA MYINVESTOR,TRASPASOS,2000,TRASPASOS
13/08/2025,CUENTA MYINVESTOR,TRASPASOS,-2000,TRASPASOS
13/08/2025,FONDO MYINVESTOR,TRASPASOS,2000,TRASPASOS
13/08/2025,SABADELL,TRASPASOS,-2000,TRASPASOS
13/08/2025,CRIPTAN,TRASPASOS,2000,TRASPASOS
13/08/2025,SABADELL,TRASPASOS,-2000,TRASPASOS
13/08/2025,TRADE REPUBLIC,TRASPASOS,2000,TRASPASOS
13/08/2025,SABADELL,TRASPASOS,-2000,TRASPASOS
13/08/2025,CRIPTAN,TRASPASOS,2000,TRASPASOS
14/08/2025,CUENTA MYINVESTOR,TRASPASOS,"-16,31",TRASPASOS
14/08/2025,FONDO MYINVESTOR,TRASPASOS,"16,31",TRASPASOS
18/08/2025,TRADE REPUBLIC,TRASPASOS,-250,TRASPASOS
18/08/2025,MSCI WORLD USD (ACC),TRASPASOS,250,TRASPASOS
18/08/2025,TRADE REPUBLIC,TRASPASOS,-250,TRASPASOS
18/08/2025,MSCI EMERGING MARKETS EUR (ACC),TRASPASOS,250,TRASPASOS
18/08/2025,TRADE REPUBLIC,TRASPASOS,-250,TRASPASOS
18/08/2025,CORE S&P 500 USD (ACC),TRASPASOS,250,TRASPASOS
18/08/2025,TRADE REPUBLIC,TRASPASOS,-250,TRASPASOS
18/08/2025,CORE MSCI EUROPE EUR (ACC),TRASPASOS,250,TRASPASOS
18/08/2025,TRADE REPUBLIC,TRASPASOS,-250,TRASPASOS
18/08/2025,NASDAQ 100 SWAP USD (ACC),TRASPASOS,250,TRASPASOS
18/08/2025,SABADELL,LUZ,"-79,52",LUZ
21/08/2025,SABADELL,HACIENDA,"630,02",REGULARIZACION. 2019
22/08/2025,SABADELL,TRASPASOS,"-1983,69",TRASPASOS
22/08/2025,CUENTA MYINVESTOR,TRASPASOS,"1983,69",TRASPASOS
22/08/2025,CUENTA MYINVESTOR,TRASPASOS,"-1983,69",TRASPASOS
22/08/2025,FONDO MYINVESTOR,TRASPASOS,"1983,69",TRASPASOS
25/08/2025,TRADE REPUBLIC,TRASPASOS,-250,TRASPASOS
25/08/2025,MSCI WORLD USD (ACC),TRASPASOS,250,TRASPASOS
25/08/2025,TRADE REPUBLIC,TRASPASOS,-250,TRASPASOS
25/08/2025,MSCI EMERGING MARKETS EUR (ACC),TRASPASOS,250,TRASPASOS
25/08/2025,TRADE REPUBLIC,TRASPASOS,-250,TRASPASOS
25/08/2025,CORE S&P 500 USD (ACC),TRASPASOS,250,TRASPASOS
25/08/2025,TRADE REPUBLIC,TRASPASOS,-250,TRASPASOS
25/08/2025,CORE MSCI EUROPE EUR (ACC),TRASPASOS,250,TRASPASOS
25/08/2025,TRADE REPUBLIC,TRASPASOS,-250,TRASPASOS
25/08/2025,NASDAQ 100 SWAP USD (ACC),TRASPASOS,250,TRASPASOS
25/08/2025,SABADELL,HACIENDA,"635,23",REGULARIZACION. 2020
25/08/2025,SABADELL,HACIENDA,"640,95",REGULARIZACION. 2021
25/08/2025,SABADELL,HACIENDA,"703,13",REGULARIZACION. 2022
25/08/2025,SABADELL,PENSION,"2263,71",PENSION
25/08/2025,CUENTA MYINVESTOR,INTERESES,"0,15",INTERESES
25/08/2025,CAJA,REPARACIONES,"-1,5",REPARACIONES
25/08/2025,CAJA,PELUQUERIA PAPA,-7,PELUQUERIA PAPA
25/08/2025,CAJA,REGALOS,-30,REGALOS
25/08/2025,CAJA,COMIDA,"-11,5",COMIDA
26/08/2025,CUENTA NARANJA,PENSION,"315,9",PENSION MAMA
28/08/2025,SABADELL,TELEFONO,-23,TELEFONO
29/08/2025,SABADELL,MATERIAL HIGIENE,"-8,2",MATERIAL HIGIENE
29/08/2025,SABADELL,MATERIAL LIMPIEZA,"-6,95",MATERIAL LIMPIEZA
29/08/2025,SABADELL,MEDICAMENTOS MAMA,"-10,48",MEDICAMENTOS MAMA
29/08/2025,SABADELL,MEDICAMENTOS PAPA,"-5,57",MEDICAMENTOS PAPA
29/08/2025,SABADELL,COMIDA,"-509,58",COMIDA
01/09/2025,CUENTA NARANJA,INTERESES,"0,02",INTERESES
01/09/2025,SABADELL,COMUNIDAD,-30,COMUNIDAD
01/09/2025,SABADELL,TRASPASOS,-2000,TRASPASOS
01/09/2025,TRADE REPUBLIC,TRASPASOS,2000,TRASPASOS
01/09/2025,TRADE REPUBLIC,INTERESES,"51,06",INTERESES
01/09/2025,SABADELL,TRASPASOS,-2000,TRASPASOS
01/09/2025,CUENTA MYINVESTOR,TRASPASOS,2000,TRASPASOS
01/09/2025,SABADELL,PELUQUERIA MAMA,-36,PELUQUERIA MAMA
02/09/2025,TRADE REPUBLIC,TRASPASOS,-2000,TRASPASOS
02/09/2025,SABADELL,TRASPASOS,2000,TRASPASOS
02/09/2025,SABADELL,TRASPASOS,-2000,TRASPASOS
02/09/2025,CUENTA CIVISLEND,TRASPASOS,2000,TRASPASOS
02/09/2025,TRADE REPUBLIC,TRASPASOS,-250,TRASPASOS
02/09/2025,MSCI WORLD USD (ACC),TRASPASOS,250,TRASPASOS
02/09/2025,TRADE REPUBLIC,TRASPASOS,-250,TRASPASOS
02/09/2025,MSCI EMERGING MARKETS EUR (ACC),TRASPASOS,250,TRASPASOS
02/09/2025,TRADE REPUBLIC,TRASPASOS,-250,TRASPASOS
02/09/2025,CORE S&P 500 USD (ACC),TRASPASOS,250,TRASPASOS
02/09/2025,TRADE REPUBLIC,TRASPASOS,-325,TRASPASOS
02/09/2025,CORE MSCI EUROPE EUR (ACC),TRASPASOS,325,TRASPASOS
02/09/2025,TRADE REPUBLIC,TRASPASOS,-250,TRASPASOS
02/09/2025,NASDAQ 100 SWAP USD (ACC),TRASPASOS,250,TRASPASOS
03/09/2025,SABADELL,LOTERIA,-30,LOTERIA
04/09/2025,CUENTA CIVISLEND,TRASPASOS,-2000,TRASPASOS
04/09/2025,SABADELL,TRASPASOS,2000,TRASPASOS
04/09/2025,SABADELL,GARAJE,60,GARAJE
06/09/2025,SABADELL,TRASPASOS,-2000,TRASPASOS
06/09/2025,CUENTA MYINVESTOR,TRASPASOS,2000,TRASPASOS
09/09/2025,TRADE REPUBLIC,TRASPASOS,-250,TRASPASOS
09/09/2025,MSCI WORLD USD (ACC),TRASPASOS,250,TRASPASOS
09/09/2025,TRADE REPUBLIC,TRASPASOS,-250,TRASPASOS
09/09/2025,MSCI EMERGING MARKETS EUR (ACC),TRASPASOS,250,TRASPASOS
09/09/2025,TRADE REPUBLIC,TRASPASOS,-250,TRASPASOS
09/09/2025,CORE S&P 500 USD (ACC),TRASPASOS,250,TRASPASOS
09/09/2025,TRADE REPUBLIC,TRASPASOS,-325,TRASPASOS
09/09/2025,CORE MSCI EUROPE EUR (ACC),TRASPASOS,325,TRASPASOS
09/09/2025,TRADE REPUBLIC,TRASPASOS,-250,TRASPASOS
09/09/2025,NASDAQ 100 SWAP USD (ACC),TRASPASOS,250,TRASPASOS
15/09/2025,SABADELL,LUZ,"-46,95",LUZ
16/09/2025,TRADE REPUBLIC,TRASPASOS,-250,TRASPASOS
16/09/2025,MSCI WORLD USD (ACC),TRASPASOS,250,TRASPASOS
16/09/2025,TRADE REPUBLIC,TRASPASOS,-250,TRASPASOS
16/09/2025,MSCI EMERGING MARKETS EUR (ACC),TRASPASOS,250,TRASPASOS
16/09/2025,TRADE REPUBLIC,TRASPASOS,-250,TRASPASOS
16/09/2025,CORE S&P 500 USD (ACC),TRASPASOS,250,TRASPASOS
16/09/2025,TRADE REPUBLIC,TRASPASOS,-325,TRASPASOS
16/09/2025,CORE MSCI EUROPE EUR (ACC),TRASPASOS,325,TRASPASOS
16/09/2025,TRADE REPUBLIC,TRASPASOS,-250,TRASPASOS
16/09/2025,NASDAQ 100 SWAP USD (ACC),TRASPASOS,250,TRASPASOS
17/09/2025,SABADELL,TRANSPORTE,"-56,23",IMPUESTOS COCHE
18/09/2025,SABADELL,TRANSPORTE,"56,23",IMPUESTOS COCHE
23/09/2025,TRADE REPUBLIC,TRASPASOS,-250,TRASPASOS
23/09/2025,MSCI WORLD USD (ACC),TRASPASOS,250,TRASPASOS
23/09/2025,TRADE REPUBLIC,TRASPASOS,-250,TRASPASOS
23/09/2025,MSCI EMERGING MARKETS EUR (ACC),TRASPASOS,250,TRASPASOS
23/09/2025,TRADE REPUBLIC,TRASPASOS,-250,TRASPASOS
23/09/2025,CORE S&P 500 USD (ACC),TRASPASOS,250,TRASPASOS
23/09/2025,TRADE REPUBLIC,TRASPASOS,-325,TRASPASOS
23/09/2025,CORE MSCI EUROPE EUR (ACC),TRASPASOS,325,TRASPASOS
23/09/2025,TRADE REPUBLIC,TRASPASOS,-250,TRASPASOS
23/09/2025,NASDAQ 100 SWAP USD (ACC),TRASPASOS,250,TRASPASOS
24/09/2025,CUENTA MYINVESTOR,INTERESES,"1,3",INTERESES
25/09/2025,CUENTA NARANJA,PENSION,"315,9",PENSION MAMA
25/09/2025,SABADELL,PENSION,"2263,71",PENSION
26/09/2025,CAJA,PELUQUERIA PAPA,-7,PELUQUERIA PAPA
26/09/2025,CAJA,MEDICAMENTOS MAMA,"-4,45",MEDICAMENTOS MAMA
26/09/2025,CAJA,MEDICO PAPA,-30,PODOLOGO
26/09/2025,CAJA,MEDICO MAMA,-60,PODOLOGO Y MASAJISTA
26/09/2025,CAJA,COMIDA,"-98,55",COMIDA
27/09/2025,DEPOSITO SABADELL,TRASPASOS,-55000,TRASPASOS
27/09/2025,SABADELL,TRASPASOS,55000,TRASPASOS
27/09/2025,SABADELL,INTERESES,"1336,5",INTERESES
28/09/2025,SABADELL,TRASPASOS,-6000,TRASPASOS
28/09/2025,CRIPTAN,TRASPASOS,6000,TRASPASOS
29/09/2025,SABADELL,TELEFONO,"-27,98",TELEFONO
29/09/2025,SABADELL,TRASPASOS,-12000,TRASPASOS
29/09/2025,CRIPTAN,TRASPASOS,12000,TRASPASOS
30/09/2025,SABADELL,MATERIAL HIGIENE,"-31,65",MATERIAL HIGIENE
30/09/2025,SABADELL,MATERIAL LIMPIEZA,"-10,85",MATERIAL LIMPIEZA
30/09/2025,SABADELL,MEDICAMENTOS MAMA,"-87,52",MEDICAMENTOS MAMA
30/09/2025,SABADELL,MEDICAMENTOS PAPA,"-5,57",MEDICAMENTOS PAPA
30/09/2025,SABADELL,COMIDA,"-400,2",COMIDA
30/09/2025,SABADELL,TRASPASOS,-15000,TRASPASOS
30/09/2025,TRADE REPUBLIC,TRASPASOS,15000,TRASPASOS
30/09/2025,TRADE REPUBLIC,TRASPASOS,-15000,TRASPASOS
30/09/2025,PRIVATE MARKET,TRASPASOS,15000,TRASPASOS
30/09/2025,TRADE REPUBLIC,INTERESES,-1,INTERESES
30/09/2025,PRIVATE MARKET,INTERESES,150,INTERESES
01/10/2025,SABADELL,GAS,"-23,14",GAS
01/10/2025,SABADELL,COMUNIDAD,-30,COMUNIDAD
01/10/2025,SABADELL,TRASPASOS,-12000,TRASPASOS
01/10/2025,CUENTA MYINVESTOR,TRASPASOS,12000,TRASPASOS
01/10/2025,CUENTA MYINVESTOR,TRASPASOS,-6000,TRASPASOS
01/10/2025,FONDO MYINVESTOR,TRASPASOS,6000,TRASPASOS
01/10/2025,CUENTA NARANJA,INTERESES,"0,08",INTERESES
01/10/2025,TRADE REPUBLIC,INTERESES,"46,19",INTERESES
02/10/2025,SABADELL,TRASPASOS,-11000,TRASPASOS
02/10/2025,TRADE REPUBLIC,TRASPASOS,11000,TRASPASOS
02/10/2025,TRADE REPUBLIC,TRASPASOS,-250,TRASPASOS
02/10/2025,MSCI WORLD USD (ACC),TRASPASOS,250,TRASPASOS
02/10/2025,TRADE REPUBLIC,TRASPASOS,-250,TRASPASOS
02/10/2025,MSCI EMERGING MARKETS EUR (ACC),TRASPASOS,250,TRASPASOS
02/10/2025,TRADE REPUBLIC,TRASPASOS,-250,TRASPASOS
02/10/2025,CORE S&P 500 USD (ACC),TRASPASOS,250,TRASPASOS
02/10/2025,TRADE REPUBLIC,TRASPASOS,-250,TRASPASOS
02/10/2025,CORE MSCI EUROPE EUR (ACC),TRASPASOS,250,TRASPASOS
02/10/2025,TRADE REPUBLIC,TRASPASOS,-250,TRASPASOS
02/10/2025,NASDAQ 100 SWAP USD (ACC),TRASPASOS,250,TRASPASOS
03/10/2025,SABADELL,AGUA,"-3,4",AGUA
03/10/2025,SABADELL,AGUA,"-73,05",AGUA
03/10/2025,CUENTA MYINVESTOR,INTERESES,"6,42",INTERESES
06/10/2025,SABADELL,GARAJE,60,GARAJE
06/10/2025,SABADELL,TRASPASOS,-2000,TRASPASOS
06/10/2025,CUENTA MYINVESTOR,TRASPASOS,2000,TRASPASOS
06/10/2025,SABADELL,PELUQUERIA MAMA,-24,PELUQUERIA MAMA
07/10/2025,CUENTA MYINVESTOR,INTERESES,"-1,22",INTERESES
09/10/2025,TRADE REPUBLIC,TRASPASOS,-250,TRASPASOS
09/10/2025,MSCI WORLD USD (ACC),TRASPASOS,250,TRASPASOS
09/10/2025,TRADE REPUBLIC,TRASPASOS,-250,TRASPASOS
09/10/2025,MSCI EMERGING MARKETS EUR (ACC),TRASPASOS,250,TRASPASOS
09/10/2025,TRADE REPUBLIC,TRASPASOS,-250,TRASPASOS
09/10/2025,CORE S&P 500 USD (ACC),TRASPASOS,250,TRASPASOS
09/10/2025,TRADE REPUBLIC,TRASPASOS,-250,TRASPASOS
09/10/2025,CORE MSCI EUROPE EUR (ACC),TRASPASOS,250,TRASPASOS
09/10/2025,TRADE REPUBLIC,TRASPASOS,-250,TRASPASOS
09/10/2025,NASDAQ 100 SWAP USD (ACC),TRASPASOS,250,TRASPASOS
09/10/2025,CUENTA MYINVESTOR,TRASPASOS,-5000,TRASPASOS
09/10/2025,FONDO MYINVESTOR,TRASPASOS,5000,TRASPASOS
10/10/2025,BANCO DE ESPAÑA,TRASPASOS,-25000,TRASPASOS
10/10/2025,SABADELL,TRASPASOS,25000,TRASPASOS
10/10/2025,SABADELL,INTERESES,"-37,5",GASTOS BANCO ESPAÑA
10/10/2025,SABADELL,ENSERES,"-22,71",ENSERES
11/10/2025,SABADELL,TRASPASOS,-15000,TRASPASOS
11/10/2025,CUENTA MYINVESTOR,TRASPASOS,15000,TRASPASOS
11/10/2025,SABADELL,TRASPASOS,-8000,TRASPASOS
11/10/2025,CUENTA MYINVESTOR,TRASPASOS,8000,TRASPASOS
11/10/2025,SABADELL,TRASPASOS,-2000,TRASPASOS
11/10/2025,CUENTA MYINVESTOR,TRASPASOS,2000,TRASPASOS
15/10/2025,SABADELL,LUZ,"-32,75",LUZ
16/10/2025,TRADE REPUBLIC,TRASPASOS,-250,TRASPASOS
16/10/2025,MSCI WORLD USD (ACC),TRASPASOS,250,TRASPASOS
16/10/2025,TRADE REPUBLIC,TRASPASOS,-250,TRASPASOS
16/10/2025,MSCI EMERGING MARKETS EUR (ACC),TRASPASOS,250,TRASPASOS
16/10/2025,TRADE REPUBLIC,TRASPASOS,-250,TRASPASOS
16/10/2025,CORE S&P 500 USD (ACC),TRASPASOS,250,TRASPASOS
16/10/2025,TRADE REPUBLIC,TRASPASOS,-250,TRASPASOS
16/10/2025,CORE MSCI EUROPE EUR (ACC),TRASPASOS,250,TRASPASOS
16/10/2025,TRADE REPUBLIC,TRASPASOS,-250,TRASPASOS
16/10/2025,NASDAQ 100 SWAP USD (ACC),TRASPASOS,250,TRASPASOS
18/10/2025,SABADELL,TELEFONO,-15,FUNDA MOVIL
23/10/2025,SABADELL,GASTOS MAMA,"-7,5",CUOTA SOCIO MÚSICA
23/10/2025,SABADELL,GASTOS PAPA,"-7,5",CUOTA SOCIO MÚSICA
23/10/2025,TRADE REPUBLIC,TRASPASOS,-250,TRASPASOS
23/10/2025,MSCI WORLD USD (ACC),TRASPASOS,250,TRASPASOS
23/10/2025,TRADE REPUBLIC,TRASPASOS,-250,TRASPASOS
23/10/2025,MSCI EMERGING MARKETS EUR (ACC),TRASPASOS,250,TRASPASOS
23/10/2025,TRADE REPUBLIC,TRASPASOS,-250,TRASPASOS
23/10/2025,CORE S&P 500 USD (ACC),TRASPASOS,250,TRASPASOS
23/10/2025,TRADE REPUBLIC,TRASPASOS,-250,TRASPASOS
23/10/2025,CORE MSCI EUROPE EUR (ACC),TRASPASOS,250,TRASPASOS
23/10/2025,TRADE REPUBLIC,TRASPASOS,-250,TRASPASOS
23/10/2025,NASDAQ 100 SWAP USD (ACC),TRASPASOS,250,TRASPASOS
24/10/2025,CUENTA MYINVESTOR,INTERESES,"0,13",INTERESES
24/10/2025,CUENTA NARANJA,PENSION,"315,9",PENSION MAMA
24/10/2025,SABADELL,PENSION,"2263,71",PENSION
24/10/2025,SABADELL,TRASPASOS,-2000,TRASPASOS
24/10/2025,CUENTA MYINVESTOR,TRASPASOS,2000,TRASPASOS
30/10/2025,SABADELL,TELEFONO,"-23,15",TELEFONO
30/10/2025,CAJA,COMIDA,"-9,5",COMIDA
30/10/2025,CAJA,PELUQUERIA PAPA,-7,PELUQUERIA PAPA
30/10/2025,CAJA,GASTOS PAPA,"-11,5",GASTOS PAPA
30/10/2025,CAJA,MEDICO MAMA,-50,MEDICO MAMA
30/10/2025,CAJA,ROPA PAPA,-5,ROPA PAPA
30/10/2025,CAJA,REGALOS,-25,REGALOS
30/10/2025,CAJA,LOTERIA,-92,LOTERIA
31/10/2025,SABADELL,COMIDA,"-269,71",COMIDA
31/10/2025,SABADELL,MATERIAL HIGIENE,"-2,6",MATERIAL HIGIENE
31/10/2025,SABADELL,MEDICAMENTOS PAPA,"-6,88",MEDICAMENTOS PAPA
31/10/2025,SABADELL,MEDICAMENTOS MAMA,"-11,2",MEDICAMENTOS MAMA
31/10/2025,SABADELL,TRANSPORTE,"-5,4",TRANSPORTE
31/10/2025,SABADELL,TELEFONO,-15,TELEFONO
01/11/2025,TRADE REPUBLIC,INTERESES,"55,22",INTERESES
01/11/2025,CUENTA NARANJA,INTERESES,"0,15",INTERESES
01/11/2025,SABADELL,COMUNIDAD,-30,COMUNIDAD
03/11/2025,CUENTA MYINVESTOR,TRASPASOS,-5000,TRASPASOS
03/11/2025,FONDO MYINVESTOR,TRASPASOS,5000,TRASPASOS
03/11/2025,TRADE REPUBLIC,TRASPASOS,-250,TRASPASOS
03/11/2025,MSCI WORLD USD (ACC),TRASPASOS,250,TRASPASOS
03/11/2025,TRADE REPUBLIC,TRASPASOS,-250,TRASPASOS
03/11/2025,MSCI EMERGING MARKETS EUR (ACC),TRASPASOS,250,TRASPASOS
03/11/2025,TRADE REPUBLIC,TRASPASOS,-250,TRASPASOS
03/11/2025,CORE S&P 500 USD (ACC),TRASPASOS,250,TRASPASOS
03/11/2025,TRADE REPUBLIC,TRASPASOS,-250,TRASPASOS
03/11/2025,CORE MSCI EUROPE EUR (ACC),TRASPASOS,250,TRASPASOS
03/11/2025,TRADE REPUBLIC,TRASPASOS,-250,TRASPASOS
03/11/2025,NASDAQ 100 SWAP USD (ACC),TRASPASOS,250,TRASPASOS
06/11/2025,CUENTA MYINVESTOR,INTERESES,"35,45",INTERESES
06/11/2025,SABADELL,GARAJE,60,GARAJE
10/11/2025,SABADELL,IMPTO BASURA,-116,IMPTO BASURA
10/11/2025,TRADE REPUBLIC,TRASPASOS,-250,TRASPASOS
10/11/2025,MSCI WORLD USD (ACC),TRASPASOS,250,TRASPASOS
10/11/2025,TRADE REPUBLIC,TRASPASOS,-250,TRASPASOS
10/11/2025,MSCI EMERGING MARKETS EUR (ACC),TRASPASOS,250,TRASPASOS
10/11/2025,TRADE REPUBLIC,TRASPASOS,-250,TRASPASOS
10/11/2025,CORE S&P 500 USD (ACC),TRASPASOS,250,TRASPASOS
10/11/2025,TRADE REPUBLIC,TRASPASOS,-250,TRASPASOS
10/11/2025,CORE MSCI EUROPE EUR (ACC),TRASPASOS,250,TRASPASOS
10/11/2025,TRADE REPUBLIC,TRASPASOS,-250,TRASPASOS
10/11/2025,NASDAQ 100 SWAP USD (ACC),TRASPASOS,250,TRASPASOS
14/11/2025,SABADELL,PELUQUERIA MAMA,-24,PELUQUERIA MAMA
15/11/2025,SABADELL,LOTERIA,-6,LOTERIA
17/11/2025,TRADE REPUBLIC,TRASPASOS,-250,TRASPASOS
17/11/2025,MSCI WORLD USD (ACC),TRASPASOS,250,TRASPASOS
17/11/2025,TRADE REPUBLIC,TRASPASOS,-250,TRASPASOS
17/11/2025,MSCI EMERGING MARKETS EUR (ACC),TRASPASOS,250,TRASPASOS
17/11/2025,TRADE REPUBLIC,TRASPASOS,-250,TRASPASOS
17/11/2025,CORE S&P 500 USD (ACC),TRASPASOS,250,TRASPASOS
17/11/2025,TRADE REPUBLIC,TRASPASOS,-250,TRASPASOS
17/11/2025,CORE MSCI EUROPE EUR (ACC),TRASPASOS,250,TRASPASOS
17/11/2025,TRADE REPUBLIC,TRASPASOS,-250,TRASPASOS
17/11/2025,NASDAQ 100 SWAP USD (ACC),TRASPASOS,250,TRASPASOS
18/11/2025,SABADELL,LUZ,"-32,02",LUZ
21/11/2025,SABADELL,COMIDA,-22,COMIDA
24/11/2025,SABADELL,GAS,"-2,11",GAS
24/11/2025,TRADE REPUBLIC,TRASPASOS,-250,TRASPASOS
24/11/2025,MSCI WORLD USD (ACC),TRASPASOS,250,TRASPASOS
24/11/2025,TRADE REPUBLIC,TRASPASOS,-250,TRASPASOS
24/11/2025,MSCI EMERGING MARKETS EUR (ACC),TRASPASOS,250,TRASPASOS
24/11/2025,TRADE REPUBLIC,TRASPASOS,-250,TRASPASOS
24/11/2025,CORE S&P 500 USD (ACC),TRASPASOS,250,TRASPASOS
24/11/2025,TRADE REPUBLIC,TRASPASOS,-250,TRASPASOS
24/11/2025,CORE MSCI EUROPE EUR (ACC),TRASPASOS,250,TRASPASOS
24/11/2025,TRADE REPUBLIC,TRASPASOS,-250,TRASPASOS
24/11/2025,NASDAQ 100 SWAP USD (ACC),TRASPASOS,250,TRASPASOS
25/11/2025,CUENTA NARANJA,PENSION,"315,9",PENSION MAMA
25/11/2025,SABADELL,PENSION,"2263,71",PENSION
25/11/2025,SABADELL,PENSION,"2263,71",PENSION
26/11/2025,CUENTA NARANJA,TRASPASOS,-1000,TRASPASOS
26/11/2025,SABADELL,TRASPASOS,1000,TRASPASOS
26/11/2025,CAJA,MEDICAMENTOS PAPA,"-4,15",MEDICAMENTOS PAPA
26/11/2025,CAJA,PELUQUERIA PAPA,-7,PELUQUERIA PAPA
26/11/2025,CAJA,LOTERIA,-20,LOTERIA
26/11/2025,CAJA,MATERIAL HIGIENE,"-1,99",MATERIAL HIGIENE
26/11/2025,CAJA,COMIDA,"-166,86",COMIDA
27/11/2025,SABADELL,TELEFONO,"-22,35",TELEFONO
27/11/2025,SABADELL,TRASPASOS,-3000,TRASPASOS
27/11/2025,CUENTA MYINVESTOR,TRASPASOS,3000,TRASPASOS
28/11/2025,SABADELL,COMIDA,"-427,62",COMIDA
28/11/2025,SABADELL,MATERIAL HIGIENE,"-11,5",MATERIAL HIGIENE
28/11/2025,SABADELL,MATERIAL LIMPIEZA,"-9,25",MATERIAL LIMPIEZA
28/11/2025,SABADELL,ROPA MAMA,"-21,98",ROPA MAMA
28/11/2025,SABADELL,LOTERIA,-5,LOTERIA
28/11/2025,SABADELL,MEDICAMENTOS PAPA,"-11,05",MEDICAMENTOS PAPA
28/11/2025,SABADELL,MEDICAMENTOS MAMA,"-45,19",MEDICAMENTOS MAMA
01/12/2025,CUENTA NARANJA,INTERESES,"0,18",INTERESES
01/12/2025,TRADE REPUBLIC,INTERESES,"76,14",INTERESES
01/12/2025,SABADELL,COMUNIDAD,-30,COMUNIDAD
01/12/2025,CUENTA MYINVESTOR,TRASPASOS,-10000,TRASPASOS
01/12/2025,FONDO MYINVESTOR,TRASPASOS,10000,TRASPASOS
02/12/2025,TRADE REPUBLIC,TRASPASOS,-250,TRASPASOS
02/12/2025,MSCI WORLD USD (ACC),TRASPASOS,250,TRASPASOS
02/12/2025,TRADE REPUBLIC,TRASPASOS,-250,TRASPASOS
02/12/2025,MSCI EMERGING MARKETS EUR (ACC),TRASPASOS,250,TRASPASOS
02/12/2025,TRADE REPUBLIC,TRASPASOS,-250,TRASPASOS
02/12/2025,CORE S&P 500 USD (ACC),TRASPASOS,250,TRASPASOS
02/12/2025,TRADE REPUBLIC,TRASPASOS,-250,TRASPASOS
02/12/2025,CORE MSCI EUROPE EUR (ACC),TRASPASOS,250,TRASPASOS
02/12/2025,TRADE REPUBLIC,TRASPASOS,-250,TRASPASOS
02/12/2025,NASDAQ 100 SWAP USD (ACC),TRASPASOS,250,TRASPASOS
03/12/2025,CUENTA MYINVESTOR,INTERESES,"42,2",INTERESES
04/12/2025,SABADELL,TRASPASOS,-400,TRASPASOS
04/12/2025,CAJA,TRASPASOS,400,TRASPASOS
05/12/2025,SABADELL,GARAJE,60,GARAJE
09/12/2025,TRADE REPUBLIC,TRASPASOS,-250,TRASPASOS
09/12/2025,MSCI WORLD USD (ACC),TRASPASOS,250,TRASPASOS
09/12/2025,TRADE REPUBLIC,TRASPASOS,-250,TRASPASOS
09/12/2025,MSCI EMERGING MARKETS EUR (ACC),TRASPASOS,250,TRASPASOS
09/12/2025,TRADE REPUBLIC,TRASPASOS,-250,TRASPASOS
09/12/2025,CORE S&P 500 USD (ACC),TRASPASOS,250,TRASPASOS
09/12/2025,TRADE REPUBLIC,TRASPASOS,-250,TRASPASOS
09/12/2025,CORE MSCI EUROPE EUR (ACC),TRASPASOS,250,TRASPASOS
09/12/2025,TRADE REPUBLIC,TRASPASOS,-250,TRASPASOS
09/12/2025,NASDAQ 100 SWAP USD (ACC),TRASPASOS,250,TRASPASOS
16/12/2025,TRADE REPUBLIC,TRASPASOS,-250,TRASPASOS
16/12/2025,MSCI WORLD USD (ACC),TRASPASOS,250,TRASPASOS
16/12/2025,TRADE REPUBLIC,TRASPASOS,-250,TRASPASOS
16/12/2025,MSCI EMERGING MARKETS EUR (ACC),TRASPASOS,250,TRASPASOS
16/12/2025,TRADE REPUBLIC,TRASPASOS,-250,TRASPASOS
16/12/2025,CORE S&P 500 USD (ACC),TRASPASOS,250,TRASPASOS
16/12/2025,TRADE REPUBLIC,TRASPASOS,-250,TRASPASOS
16/12/2025,CORE MSCI EUROPE EUR (ACC),TRASPASOS,250,TRASPASOS
16/12/2025,TRADE REPUBLIC,TRASPASOS,-250,TRASPASOS
16/12/2025,NASDAQ 100 SWAP USD (ACC),TRASPASOS,250,TRASPASOS
17/12/2025,SABADELL,LUZ,"-26,03",LUZ
17/12/2025,SABADELL,REGALOS,"-8,35",ALMUERZO ASOCIACION
19/12/2025,SABADELL,PELUQUERIA MAMA,-36,PELUQUERIA MAMA
20/12/2025,SABADELL,MATERIAL HIGIENE,-14,MATERIAL HIGIENE
20/12/2025,CUENTA NARANJA,PENSION,"315,9",PENSION MAMA
21/12/2025,SABADELL,REGALOS,-50,CUMPLEAÑOS DANI
23/12/2025,TRADE REPUBLIC,TRASPASOS,-250,TRASPASOS
23/12/2025,MSCI WORLD USD (ACC),TRASPASOS,250,TRASPASOS
23/12/2025,TRADE REPUBLIC,TRASPASOS,-250,TRASPASOS
23/12/2025,MSCI EMERGING MARKETS EUR (ACC),TRASPASOS,250,TRASPASOS
23/12/2025,TRADE REPUBLIC,TRASPASOS,-250,TRASPASOS
23/12/2025,CORE S&P 500 USD (ACC),TRASPASOS,250,TRASPASOS
23/12/2025,TRADE REPUBLIC,TRASPASOS,-250,TRASPASOS
23/12/2025,CORE MSCI EUROPE EUR (ACC),TRASPASOS,250,TRASPASOS
23/12/2025,TRADE REPUBLIC,TRASPASOS,-250,TRASPASOS
23/12/2025,NASDAQ 100 SWAP USD (ACC),TRASPASOS,250,TRASPASOS
24/12/2025,SABADELL,PENSION,"2263,71",PENSION
24/12/2025,CAJA,LOTERIA,-60,LOTERIA
24/12/2025,CAJA,MEDICO MAMA,-80,MEDICO MAMA
24/12/2025,CAJA,MEDICO PAPA,-30,MEDICO PAPA
24/12/2025,CAJA,ENSERES,-5,ENSERES
24/12/2025,CAJA,MEDICAMENTOS MAMA,"-5,29",MEDICAMENTOS MAMA
24/12/2025,CAJA,REGALOS,-50,AGUINALDO ANGELA NIETA
24/12/2025,CAJA,PELUQUERIA PAPA,-7,PELUQUERIA PAPA
24/12/2025,CAJA,COMIDA,"-62,71",COMIDA
24/12/2025,SABADELL,INTERESES,"-0,26",INTERESES
25/12/2025,SABADELL,REGALOS,-500,AGUINALDO DANI
25/12/2025,SABADELL,REGALOS,-500,AGUINALDO GELA
25/12/2025,SABADELL,REGALOS,-500,AGUINALDO YOLI
25/12/2025,SABADELL,REGALOS,-500,AGUINALDO RUBEN
26/12/2025,SABADELL,REGALOS,-50,AGUINALDO VICENT
26/12/2025,SABADELL,REGALOS,-50,AGUINALDO MARC
26/12/2025,SABADELL,REGALOS,-50,AGUINALDO DANI
30/12/2025,SABADELL,TELEFONO,-23,TELEFONO
31/12/2025,SABADELL,COMIDA,"-390,81",COMIDA
31/12/2025,SABADELL,MATERIAL HIGIENE,"-14,5",MATERIAL HIGIENE
31/12/2025,SABADELL,MATERIAL LIMPIEZA,"-12,2",MATERIAL LIMPIEZA
31/12/2025,SABADELL,MEDICAMENTOS MAMA,"-55,58",MEDICAMENTOS MAMA
31/12/2025,SABADELL,MEDICAMENTOS PAPA,"-9,72",MEDICAMENTOS PAPA
01/01/2026,CUENTA NARANJA,INTERESES,"0,09",INTERESES
01/01/2026,TRADE REPUBLIC,INTERESES,"42,14",INTERESES
02/01/2026,TRADE REPUBLIC,TRASPASOS,-250,TRASPASOS
02/01/2026,MSCI WORLD USD (ACC),TRASPASOS,250,TRASPASOS
02/01/2026,TRADE REPUBLIC,TRASPASOS,-250,TRASPASOS
02/01/2026,MSCI EMERGING MARKETS EUR (ACC),TRASPASOS,250,TRASPASOS
02/01/2026,TRADE REPUBLIC,TRASPASOS,-250,TRASPASOS
02/01/2026,CORE S&P 500 USD (ACC),TRASPASOS,250,TRASPASOS
02/01/2026,TRADE REPUBLIC,TRASPASOS,-250,TRASPASOS
02/01/2026,CORE MSCI EUROPE EUR (ACC),TRASPASOS,250,TRASPASOS
02/01/2026,TRADE REPUBLIC,TRASPASOS,-250,TRASPASOS
02/01/2026,NASDAQ 100 SWAP USD (ACC),TRASPASOS,250,TRASPASOS
02/01/2026,SABADELL,GARAJE,60,GARAJE
05/01/2026,SABADELL,GARAJE,-130,1º ABONO
05/01/2026,CUENTA MYINVESTOR,INTERESES,"38,64",INTERESES
05/01/2026,CUENTA MYINVESTOR,TRASPASOS,"-22123,07",TRASPASOS
05/01/2026,FONDO MYINVESTOR,TRASPASOS,"22123,07",TRASPASOS
06/01/2026,SABADELL,TRASPASOS,"-884,27",TRASPASOS
06/01/2026,CUENTA MYINVESTOR,TRASPASOS,"884,27",TRASPASOS
06/01/2026,CUENTA MYINVESTOR,INTERESES,"-7,34",INTERESES
06/01/2026,CUENTA MYINVESTOR,TRASPASOS,"-876,93",TRASPASOS
06/01/2026,FONDO MYINVESTOR,TRASPASOS,"876,93",TRASPASOS
07/01/2026,SABADELL,COMUNIDAD,-40,COMUNIDAD
08/01/2026,SABADELL,COMIDA,"-5,5",COMIDA
09/01/2026,SABADELL,LA ALIANZA,"-185,56",LA ALIANZA
09/01/2026,SABADELL,AGUA,"-72,46",AGUA
09/01/2026,TRADE REPUBLIC,TRASPASOS,-250,TRASPASOS
09/01/2026,MSCI WORLD USD (ACC),TRASPASOS,250,TRASPASOS
09/01/2026,TRADE REPUBLIC,TRASPASOS,-250,TRASPASOS
09/01/2026,MSCI EMERGING MARKETS EUR (ACC),TRASPASOS,250,TRASPASOS
09/01/2026,TRADE REPUBLIC,TRASPASOS,-250,TRASPASOS
09/01/2026,CORE S&P 500 USD (ACC),TRASPASOS,250,TRASPASOS
09/01/2026,TRADE REPUBLIC,TRASPASOS,-250,TRASPASOS
09/01/2026,CORE MSCI EUROPE EUR (ACC),TRASPASOS,250,TRASPASOS
09/01/2026,TRADE REPUBLIC,TRASPASOS,-250,TRASPASOS
09/01/2026,NASDAQ 100 SWAP USD (ACC),TRASPASOS,250,TRASPASOS
13/01/2026,SABADELL,GASTOS MAMA,"-7,5",CUOTA SOCIO MÚSICA
13/01/2026,SABADELL,GASTOS PAPA,"-7,5",CUOTA SOCIO MÚSICA
13/01/2026,SABADELL,COMIDA,"-7,5",COMIDA
14/01/2026,SABADELL,COMIDA,"-43,78",CENA NAVIDAD
16/01/2026,TRADE REPUBLIC,TRASPASOS,-250,TRASPASOS
16/01/2026,MSCI WORLD USD (ACC),TRASPASOS,250,TRASPASOS
16/01/2026,TRADE REPUBLIC,TRASPASOS,-250,TRASPASOS
16/01/2026,MSCI EMERGING MARKETS EUR (ACC),TRASPASOS,250,TRASPASOS
16/01/2026,TRADE REPUBLIC,TRASPASOS,-250,TRASPASOS
16/01/2026,CORE S&P 500 USD (ACC),TRASPASOS,250,TRASPASOS
16/01/2026,TRADE REPUBLIC,TRASPASOS,-250,TRASPASOS
16/01/2026,CORE MSCI EUROPE EUR (ACC),TRASPASOS,250,TRASPASOS
16/01/2026,TRADE REPUBLIC,TRASPASOS,-250,TRASPASOS
16/01/2026,NASDAQ 100 SWAP USD (ACC),TRASPASOS,250,TRASPASOS
16/01/2026,BANCO DE ESPAÑA,INTERESES,"-37,5",INTERESES
16/01/2026,BANCO DE ESPAÑA,TRASPASOS,"-24962,5",TRASPASOS
16/01/2026,SABADELL,TRASPASOS,"24962,5",TRASPASOS
16/01/2026,SABADELL,TRASPASOS,-5000,TRASPASOS
16/01/2026,TRADE REPUBLIC,TRASPASOS,5000,TRASPASOS
