FECHA;CUENTA;CONCEPTO;IMPORTE;DESCRIPCIÓN
31/12/2024;"TradeRepublicFondo";"Inicial";2100,00;"EXISTENCIA INICIAL"
31/12/2024;"MyinvestorPensión";"Inicial";13500,00;"EXISTENCIA INICIAL"
31/12/2024;"Revolut";"Inicial";300,00;"EXISTENCIA INICIAL"
31/12/2024;"Letras";"Inicial";50000,00;"EXISTENCIA INICIAL"
31/12/2024;"TradeRepublic";"Inicial";31734,01;"EXISTENCIA INICIAL"
31/12/2024;"Sabadell";"Inicial";1908,93;"EXISTENCIA INICIAL"
31/12/2024;"Ing";"Inicial";58,18;"EXISTENCIA INICIAL"
31/12/2024;"Efectivo";"Inicial";51,70;"EXISTENCIA INICIAL"
31/12/2024;"Santander";"Inicial";903,80;"EXISTENCIA INICIAL"
31/12/2024;"Tarjeta";"Inicial";-697,85;"EXISTENCIA INICIAL"
31/12/2024;"Naranja";"Inicial";22066,90;"EXISTENCIA INICIAL"
01/01/2025;"N-Casa";"Inicial";165779,11;"Existencia inicial"
01/01/2025;"N-Garaje&Trastero";"Inicial";12629,86;"Existencia inicial"
01/01/2025;"N-Mobilcasa";"Inicial";9523,93;"Existencia inicial"
01/01/2025;"N-Garaje";"Inicial";8038,54;"Existencia inicial"
01/01/2025;"N-Piso";"Inicial";67716,63;"Existencia inicial"
01/01/2025;"Naranja";"Intereses";1,74;"INTERESES"
01/01/2025;"Tarjeta";"Comida";-79,46;"MERCADONA"
01/01/2025;"TradeRepublic";"Intereses";68,17;"INTERESES"
01/01/2025;"N-Mobilpiso";"Inicial";12925,80;"Existencia inicial"
01/01/2025;"N-Coche";"Inicial";17654,07;"Existencia inicial"
02/01/2025;"Santander";"Comunidad";-60,00;"COMUNIDAD"
02/01/2025;"Santander";TRASPASO;-700,00;"TRASPASO"
02/01/2025;"Revolut";TRASPASO;700,00;"TRASPASO"
02/01/2025;"TradeRepublic";TRASPASO;-1000,00;"TRASPASO"
02/01/2025;"TradeRepublicFondo";TRASPASO;1000,00;"TRASPASO"
02/01/2025;"Santander";"Alquiler";800,00;"ENERO"
02/01/2025;"Tarjeta";"Ocio";-1,20;"ALMUERZO"
02/01/2025;"Tarjeta";"Otros gastos";-64,96;"CHORRADICAS VARIAS"
03/01/2025;"Tarjeta";"Variosvivienda";-40,97;"SARTENES Y VARIOS"
03/01/2025;"Santander";"Comunes";242,87;"DICIEMBRE"
03/01/2025;"Tarjeta";"Ocio";-1,20;"ALMUERZO"
04/01/2025;"Tarjeta";TRASPASO;-200,00;"TRASPASO"
04/01/2025;"Revolut";TRASPASO;200,00;"TRASPASO"
04/01/2025;"Sabadell";TRASPASO;-500,00;"TRASPASO"
04/01/2025;"Revolut";TRASPASO;500,00;"TRASPASO"
05/01/2025;"Ing";TRASPASO;-126,82;"TRASPASO"
05/01/2025;"TradeRepublic";TRASPASO;126,82;"TRASPASO"
05/01/2025;"Naranja";TRASPASO;-68,64;"TRASPASO"
05/01/2025;"Ing";TRASPASO;68,64;"TRASPASO"
06/01/2025;"Tarjeta";"Regalos";-198,81;"ONEPLUS WATCH"
07/01/2025;"Tarjeta";"Ocio";-1,30;"ALMUERZO"
07/01/2025;"Santander";"Comunidad";-30,00;"GARAJE"
07/01/2025;"Santander";TRASPASO;-300,00;"TRASPASO"
07/01/2025;"Revolut";TRASPASO;300,00;"TRASPASO"
08/01/2025;"Santander";"Comida";-61,61;"MERCADONA"
08/01/2025;"Efectivo";"Ocio";-1,70;"ALMUERZO"
09/01/2025;"Santander";"Medicamentos";-2,86;"MEDICAMENTOS"
09/01/2025;"Santander";"Deporte";-7,50;"DEPORTE"
09/01/2025;"Santander";"Ocio";-1,30;"ALMUERZO"
11/01/2025;"Sabadell";"Otros gastos";-39,26;"OTROS GASTOS"
11/01/2025;"Santander";"Deporte";-14,00;"DEPORTE"
11/01/2025;"Santander";"Comida";-15,62;"MERCADONA"
13/01/2025;"Santander";"Deporte";-7,50;"PÁDEL"
13/01/2025;"Santander";"Comida";-61,17;"MERCADONA"
13/01/2025;"Santander";"Ocio";-1,30;"ALMUERZO"
14/01/2025;"Sabadell";"Intereses";6,89;"INTERESES"
14/01/2025;"Santander";"Ocio";-1,30;"ALMUERZO"
14/01/2025;"Santander";"Combustible";-70,01;"GASOLINA"
15/01/2025;"TradeRepublic";TRASPASO;-15000,00;"TRASPASO"
15/01/2025;"Freedom24";TRASPASO;15000,00;"TRASPASO"
15/01/2025;"Santander";"Ocio";-3,50;"ALMUERZO"
15/01/2025;"Sabadell";TRASPASO;-376,56;"TRASPASO"
15/01/2025;"Santander";TRASPASO;376,56;"TRASPASO"
16/01/2025;"Santander";"Ocio";-1,30;"ALMUERZO"
16/01/2025;"TradeRepublic";TRASPASO;-1000,00;"TRASPASO"
16/01/2025;"Sabadell";TRASPASO;1000,00;"TRASPASO"
16/01/2025;"Sabadell";TRASPASO;-1000,00;"TRASPASO"
16/01/2025;"Revolut";TRASPASO;1000,00;"TRASPASO"
16/01/2025;"Santander";"Deporte";-50,00;"BONO PÁDEL"
16/01/2025;"TradeRepublic";TRASPASO;-1000,30;"TRASPASO"
16/01/2025;"TradeRepublicFondo";TRASPASO;1000,30;"TRASPASO"
16/01/2025;"TradeRepublic";TRASPASO;-2000,00;"TRASPASO"
16/01/2025;"InteractiveBrokers";TRASPASO;2000,00;"TRASPASO"
16/01/2025;"Santander";"Luz";-16,36;"LUZ"
17/01/2025;"Santander";"Ocio";-1,30;"ALMUERZO"
18/01/2025;"Santander";"Comida";-111,87;"CARREFOUR"
20/01/2025;"TradeRepublic";TRASPASO;-1000,00;"TRASPASO"
20/01/2025;"InteractiveBrokers";TRASPASO;1000,00;"TRASPASO"
20/01/2025;"TradeRepublic";TRASPASO;-1928,70;"TRASPASO"
20/01/2025;"Ing";TRASPASO;1928,70;"TRASPASO"
20/01/2025;"Tarjeta";"Ocio";-1,30;"ALMUERZO"
21/01/2025;"Tarjeta";"Ocio";-1,30;"ALMUERZO"
22/01/2025;"Tarjeta";"Ocio";-1,30;"ALMUERZO"
22/01/2025;"Ing";TRASPASO;-1928,70;"TRASPASO"
22/01/2025;"InteractiveBrokers";TRASPASO;1928,70;"TRASPASO"
23/01/2025;"Tarjeta";TRASPASO;-500,00;"TRASPASO"
23/01/2025;"Revolut";TRASPASO;500,00;"TRASPASO"
23/01/2025;"Tarjeta";"Ocio";-1,30;"ALMUERZO"
24/01/2025;"Tarjeta";"Ocio";-1,30;"ALMUERZO"
25/01/2025;"Tarjeta";"Comida";-92,13;"MERCADONA"
26/01/2025;"Tarjeta";"Deporte";-6,00;"PÁDEL"
26/01/2025;"Tarjeta";"Variosvivienda";-47,72;"MESA Y VARIOS"
27/01/2025;"TradeRepublic";TRASPASO;-5000,00;"TRASPASO"
27/01/2025;"Coinbase";TRASPASO;5000,00;"TRASPASO"
27/01/2025;"Santander";"Comunidad";-35,88;"COMUNIDAD"
27/01/2025;"Santander";"Comunidad";-45,86;"COMUNIDAD"
27/01/2025;"Tarjeta";"Ocio";-1,20;"ALMUERZO"
28/01/2025;"Tarjeta";"Ocio";-1,30;"ALMUERZO"
28/01/2025;"Sabadell";TRASPASO;-300,00;"TRASPASO"
28/01/2025;"Coinbase";TRASPASO;300,00;"TRASPASO"
28/01/2025;"Sabadell";"Nómina";1952,33;"NÓMINA"
29/01/2025;"Sabadell";TRASPASO;-1652,33;"TRASPASO"
29/01/2025;"TradeRepublic";TRASPASO;1652,33;"TRASPASO"
29/01/2025;"Tarjeta";TRASPASO;-100,00;"TRASPASO"
29/01/2025;"Coinbase";TRASPASO;100,00;"TRASPASO"
29/01/2025;"Tarjeta";"Ocio";-1,30;"ALMUERZO"
30/01/2025;"Tarjeta";"Variosvivienda";-21,36;"VARIOSVIVIENDA"
30/01/2025;"Santander";TRASPASO;-200,00;"TRASPASO"
30/01/2025;"Revolut";TRASPASO;200,00;"TRASPASO"
30/01/2025;"TradeRepublic";"Intereses";0,59;"DIVIDENDO  S&P SMALLCAP"
30/01/2025;"Tarjeta";"Ocio";-1,30;"ALMUERZO"
31/01/2025;"Sabadell";TRASPASO;-1285,75;"TRASPASO"
31/01/2025;"Tarjeta";TRASPASO;1285,75;"TRASPASO"
31/01/2025;"Tarjeta";"Deporte";-9,75;"PÁDEL"
31/01/2025;"TradeRepublic";TRASPASO;-500,00;"TRASPASO"
31/01/2025;"Sabadell";TRASPASO;500,00;"TRASPASO"
31/01/2025;"Tarjeta";"Ocio";-1,30;"ALMUERZO"
31/01/2025;"Santander";TRASPASO;-322,99;"TRASPASO"
31/01/2025;"Sabadell";TRASPASO;322,99;"TRASPASO"
01/02/2025;"Santander";"Alquiler";800,00;"FEBRERO"
01/02/2025;"Naranja";"Intereses";0,01;"INTERESES"
01/02/2025;"TradeRepublic";"Intereses";42,51;"INTERESES"
01/02/2025;"Tarjeta";"Comida";-88,38;"CARREFOUR"
03/02/2025;"Santander";"Comunidad";-60,00;"CASA"
03/02/2025;"TradeRepublic";TRASPASO;-1000,00;"TRASPASO"
03/02/2025;"TradeRepublicFondo";TRASPASO;1000,00;"TRASPASO"
03/02/2025;"Santander";TRASPASO;-500,00;"TRASPASO"
03/02/2025;"Bit2me";TRASPASO;500,00;"TRASPASO"
03/02/2025;"Santander";"Ocio";-1,30;"ALMUERZO"
04/02/2025;"Santander";"Comunes";-303,17;"ENERO"
04/02/2025;"Naranja";TRASPASO;-20000,00;"TRASPASO"
04/02/2025;"TradeRepublicFondo";TRASPASO;20000,00;"TRASPASO"
04/02/2025;"Naranja";TRASPASO;-1000,00;"TRASPASO"
04/02/2025;"Sabadell";TRASPASO;1000,00;"TRASPASO"
04/02/2025;"Santander";"Ocio";-1,30;"ALMUERZO"
04/02/2025;"Naranja";"Intereses";163,31;"INTERESES"
04/02/2025;"Naranja";TRASPASO;-1163,32;"TRASPASO"
04/02/2025;"Santander";TRASPASO;1163,32;"TRASPASO"
04/02/2025;"TradeRepublic";"Otros gastos";-5,00;"COMISIONES"
05/02/2025;"Santander";"Ocio";-1,30;"ALMUERZO"
05/02/2025;"Tarjeta";TRASPASO;-500,00;"TRASPASO"
05/02/2025;"Revolut";TRASPASO;500,00;"TRASPASO"
06/02/2025;"Santander";"Traspaso";-270,00;"ALMUERZO"
06/02/2025;"Myinvestor";"Traspaso";270,00;"TRASPASO"
06/02/2025;"Myinvestor";TRASPASO;-70,00;"TRASPASO"
06/02/2025;"MyinvestorPensión";TRASPASO;70,00;"TRASPASO"
06/02/2025;"Ing";TRASPASO;-300,00;"TRASPASO"
06/02/2025;"Naranja";TRASPASO;300,00;"TRASPASO"
06/02/2025;"Sabadell";TRASPASO;-400,00;"TRASPASO"
06/02/2025;"Ing";TRASPASO;400,00;"TRASPASO"
07/02/2025;"Ing";TRASPASO;-50,00;"TRASPASO"
07/02/2025;"Naranja";TRASPASO;50,00;"TRASPASO"
07/02/2025;"Naranja";TRASPASO;-15000,00;"TRASPASO"
07/02/2025;"Myinvestor";TRASPASO;15000,00;"TRASPASO"
07/02/2025;"Santander";"Ocio";-1,30;"ALMUERZO"
07/02/2025;"Ing";"Variosvivienda";-14,70;"TOSTADORA"
07/02/2025;"Naranja";"Otros gastos";-24,00;"COMISIONES LETRAS"
07/02/2025;"Santander";"Medicamentos";-2,86;"TEVETENS, AFLOYAN Y BESITRANS"
07/02/2025;"Santander";"Deporte";-8,00;"PÁDEL"
07/02/2025;"Letras";TRASPASO;-16000,00;"TRASPASO"
07/02/2025;"Naranja";TRASPASO;16000,00;"TRASPASO"
08/02/2025;"Tarjeta";TRASPASO;-500,00;"TRASPASO"
08/02/2025;"TradeRepublic";TRASPASO;500,00;"TRASPASO"
08/02/2025;"Santander";"Comida";-20,05;"EL RECHUPETE"
09/02/2025;"Santander";"Ocio";-37,00;"COMIDA MÁLAGA"
09/02/2025;"Santander";"Ocio";-33,05;"TAXI SAB A AVE"
09/02/2025;"Sabadell";"Variosvivienda";-11,20;"MANGUERA Y CARTERA"
09/02/2025;"Santander";"Ocio";-12,50;"CENA MÁLAGA"
09/02/2025;"Sabadell";TRASPASO;-20,00;"TRASPASO"
09/02/2025;"Bit2me";TRASPASO;20,00;"TRASPASO"
10/02/2025;"Sabadell";TRASPASO;-396,04;"TRASPASO"
10/02/2025;"Myinvestor";TRASPASO;396,04;"TRASPASO"
10/02/2025;"Myinvestor";TRASPASO;-108,30;"TRASPASO"
10/02/2025;"MyinvestorFondo";TRASPASO;108,30;"TRASPASO"
10/02/2025;"Myinvestor";TRASPASO;-111,59;"TRASPASO"
10/02/2025;"MyinvestorFondo";TRASPASO;111,59;"TRASPASO"
10/02/2025;"Santander";TRASPASO;-50,00;"TRASPASO"
10/02/2025;"Efectivo";TRASPASO;50,00;"TRASPASO"
10/02/2025;"Myinvestor";TRASPASO;-139,21;"TRASPASO"
10/02/2025;"MyinvestorFondo";TRASPASO;139,21;"TRASPASO"
10/02/2025;"Myinvestor";TRASPASO;-65,02;"TRASPASO"
10/02/2025;"MyinvestorFondo";TRASPASO;65,02;"TRASPASO"
10/02/2025;"Sabadell";TRASPASO;-10,00;"TRASPASO"
10/02/2025;"Bit2me";TRASPASO;10,00;"TRASPASO"
10/02/2025;"Myinvestor";TRASPASO;-107,67;"TRASPASO"
10/02/2025;"MyinvestorFondo";TRASPASO;107,67;"TRASPASO"
10/02/2025;"Efectivo";"Ocio";-22,90;"MÁLAGA A RONDA"
10/02/2025;"Santander";"Ocio";-9,20;"CENA MÁLAGA"
11/02/2025;"Myinvestor";"Intereses";16,20;"BONIFICACIÓN"
11/02/2025;"Santander";"Ocio";-9,00;"DESAYUNO MÁLAGA"
11/02/2025;"Efectivo";"Ocio";-2,10;"IMÁN"
11/02/2025;"Myinvestor";TRASPASO;-280,45;"TRASPASO"
11/02/2025;"MyinvestorFondo";TRASPASO;280,45;"TRASPASO"
11/02/2025;"Sabadell";TRASPASO;-200,00;"TRASPASO"
11/02/2025;"Myinvestor";TRASPASO;200,00;"TRASPASO"
11/02/2025;"Revolut";TRASPASO;-1500,00;"TRASPASO"
11/02/2025;"Bit2me";TRASPASO;1500,00;"TRASPASO"
12/02/2025;"InteractiveBrokers";TRASPASO;-9,71;"TRASPASO"
12/02/2025;"TradeRepublic";TRASPASO;9,71;"TRASPASO"
12/02/2025;"Santander";"Ocio";-26,50;"CENA SANTANDER"
12/02/2025;"Santander";"Gas";-21,76;"GAS"
13/02/2025;"TradeRepublic";TRASPASO;-200,14;"TRASPASO"
13/02/2025;"Ing";TRASPASO;200,14;"TRASPASO"
13/02/2025;"Naranja";TRASPASO;-1000,00;"TRASPASO"
13/02/2025;"Degiro";TRASPASO;1000,00;"TRASPASO"
13/02/2025;"Santander";"Ocio";-24,50;"TAXI AVE A SAB"
13/02/2025;"TradeRepublic";TRASPASO;-1000,00;"TRASPASO"
13/02/2025;"TradeRepublicFondo";TRASPASO;1000,00;"TRASPASO"
13/02/2025;"Santander";TRASPASO;-50,00;"TRASPASO"
13/02/2025;"Degiro";TRASPASO;50,00;"TRASPASO"
14/02/2025;"Santander";"Luz";-13,18;"LUZ"
14/02/2025;"Tarjeta";"Regalos";-234,34;"MINIPC N-ONE AIR"
14/02/2025;"Sabadell";"Intereses";2,22;"INTERESES"
14/02/2025;"Santander";"Comida";-123,55;"CARREFOUR"
14/02/2025;"Tarjeta";TRASPASO;-100,00;"TRASPASO"
14/02/2025;"Revolut";TRASPASO;100,00;"TRASPASO"
15/02/2025;"Bit2me";TRASPASO;-1500,00;"TRASPASO"
15/02/2025;"Criptan";TRASPASO;1500,00;"TRASPASO"
15/02/2025;"Santander";"Deporte";-14,00;"PÁDEL"
17/02/2025;"Ing";TRASPASO;-205,44;"TRASPASO"
17/02/2025;"Degiro";TRASPASO;205,44;"TRASPASO"
17/02/2025;"Santander";"Varioscoche";-29,95;"SANDERO BOMBILLA DCHA"
17/02/2025;"Myinvestor";TRASPASO;-320,00;"TRASPASO"
17/02/2025;"MyinvestorFondo";TRASPASO;320,00;"TRASPASO"
17/02/2025;"Naranja";TRASPASO;-320,00;"TRASPASO"
17/02/2025;"Myinvestor";TRASPASO;320,00;"TRASPASO"
17/02/2025;"TradeRepublic";TRASPASO;-1500,00;"TRASPASO"
17/02/2025;"Ing";TRASPASO;1500,00;"TRASPASO"
17/02/2025;"Santander";"Medicamentos";-11,60;"PHARMATUSGRIP"
17/02/2025;"Santander";"Ocio";-1,30;"ALMUERZO"
17/02/2025;"TradeRepublic";TRASPASO;-1000,30;"TRASPASO"
17/02/2025;"TradeRepublicFondo";TRASPASO;1000,30;"TRASPASO"
18/02/2025;"Santander";"Ocio";-1,30;"ALMUERZO"
19/02/2025;"TradeRepublic";"Intereses";0,18;"DIVIDENCO ASML"
19/02/2025;"Santander";"Ocio";-1,30;"ALMUERZO"
19/02/2025;"Ing";TRASPASO;-500,00;"TRASPASO"
19/02/2025;"Civislend";TRASPASO;500,00;"TRASPASO"
19/02/2025;"Santander";"Combustible";-76,00;"GASOLINA"
19/02/2025;"Ing";TRASPASO;-500,00;"TRASPASO"
19/02/2025;"Housers";TRASPASO;500,00;"TRASPASO"
19/02/2025;"Ing";TRASPASO;-525,00;"TRASPASO"
19/02/2025;"Sabadell";TRASPASO;525,00;"TRASPASO"
20/02/2025;"Santander";"Ocio";-1,30;"ALMUERZO"
21/02/2025;"Santander";"Ocio";-3,80;"ALMUERZO"
22/02/2025;"Tarjeta";"Combustible";-60,00;"GASOIL"
22/02/2025;"Tarjeta";"Comida";-74,24;"MERCADONA"
24/02/2025;"Sabadell";TRASPASO;-300,00;"TRASPASO"
24/02/2025;"TradeRepublic";TRASPASO;300,00;"TRASPASO"
24/02/2025;"Tarjeta";"Ocio";-1,30;"ALMUERZO"
24/02/2025;"Tarjeta";TRASPASO;-1000,00;"TRASPASO"
24/02/2025;"Criptan";TRASPASO;1000,00;"TRASPASO"
24/02/2025;"Santander";"Regalos";-70,00;"GELA"
25/02/2025;"Sabadell";"Intereses";-100,00;"PERDIDA REINVEST24"
25/02/2025;"Tarjeta";"Otros gastos";-20,33;"MEMORIA 16GB DDR4"
25/02/2025;"Tarjeta";"Ocio";-1,30;"ALMUERZO"
26/02/2025;"Sabadell";"Nómina";1973,17;"FEBRERO"
26/02/2025;"Tarjeta";"Ocio";-1,30;"ALMUERZO"
26/02/2025;"Tarjeta";"Comida";-6,05;"COMIDA"
27/02/2025;"Santander";"Comunidad";-45,86;"COMUNIDAD"
27/02/2025;"Santander";"Comunidad";-35,88;"COMUNIDAD"
27/02/2025;"TradeRepublic";TRASPASO;-1000,00;"TRASPASO"
27/02/2025;"Sabadell";TRASPASO;1000,00;"TRASPASO"
27/02/2025;"Tarjeta";"Ocio";-1,30;"ALMUERZO"
28/02/2025;"Sabadell";TRASPASO;-1968,58;"TRASPASO"
28/02/2025;"Tarjeta";TRASPASO;1968,58;"TRASPASO"
28/02/2025;"Sabadell";TRASPASO;-1378,24;"TRASPASO"
28/02/2025;"Tarjeta";TRASPASO;1378,24;"TRASPASO"
28/02/2025;"Tarjeta";"Ocio";-7,20;"ALMUERZO"
28/02/2025;"Myinvestor";TRASPASO;-5000,00;"TRASPASO"
28/02/2025;"Sabadell";TRASPASO;5000,00;"TRASPASO"
01/03/2025;"Santander";"Alquiler";800,00;"MARZO"
01/03/2025;"Tarjeta";"Comida";-120,20;"CARREFOUR"
01/03/2025;"TradeRepublic";"Intereses";5,93;"INTERESES"
01/03/2025;"Naranja";"Intereses";0,69;"INTERESES"
02/03/2025;"Tarjeta";"Deporte";-7,00;"PÁDEL"
02/03/2025;"Tarjeta";"Variosvivienda";-20,88;"VARIOS VIVIENDA"
02/03/2025;"Tarjeta";"Variosvivienda";-67,70;"ESCOBA ELÉCTRICA"
03/03/2025;"Myinvestor";TRASPASO;-180,00;"TRASPASO"
03/03/2025;"MyinvestorPensión";TRASPASO;180,00;"TRASPASO"
03/03/2025;"Sabadell";TRASPASO;-1253,57;"TRASPASO"
03/03/2025;"TradeRepublic";TRASPASO;1253,57;"TRASPASO"
03/03/2025;"Myinvestor";TRASPASO;-7500,00;"TRASPASO"
03/03/2025;"TradeRepublic";TRASPASO;7500,00;"TRASPASO"
03/03/2025;"Tarjeta";"Ocio";-1,30;"ALMUERZO"
03/03/2025;"Santander";"Comunidad";-60,00;"CASA"
03/03/2025;"TradeRepublic";TRASPASO;-1030,00;"TRASPASO"
03/03/2025;"TradeRepublicFondo";TRASPASO;1030,00;"TRASPASO"
04/03/2025;"Tarjeta";"Ocio";-1,30;"ALMUERZO"
04/03/2025;"Tarjeta";"Comida";-9,59;"LIDL"
05/03/2025;"Tarjeta";"Ocio";-1,30;"ALMUERZO"
05/03/2025;"Santander";"Comunidad";-20,00;"DERRAMA GARAJE"
06/03/2025;"Myinvestor";TRASPASO;-1320,00;"TRASPASO"
06/03/2025;"MyinvestorFondo";TRASPASO;1320,00;"TRASPASO"
06/03/2025;"Santander";"Comunes";-389,08;"FEBRERO"
06/03/2025;"Tarjeta";"Ocio";-1,30;"ALMUERZO"
07/03/2025;"TradeRepublic";"Intereses";52,54;"DIVIDENDOS ETF"
07/03/2025;"Tarjeta";"Deporte";-7,50;"PÁDEL"
07/03/2025;"Myinvestor";"Intereses";1,79;"INTERESES"
08/03/2025;"Tarjeta";"Comida";-85,18;"MERCADONA"
08/03/2025;"Sabadell";"Variosvivienda";-870,00;"DUCHA MANISES MAMPARA/PLATO/GRIFO"
09/03/2025;"Tarjeta";"Medicamentos";-2,86;"TEVETENS, AFLOYAN Y BESITRAN"
10/03/2025;"Tarjeta";"Ocio";-1,30;"ALMUERZO"
11/03/2025;"Tarjeta";"Ocio";-1,30;"ALMUERZO"
12/03/2025;"Tarjeta";"Ocio";-18,30;"CENA LOS TONELES"
12/03/2025;"Tarjeta";"Ocio";-1,30;"ALMUERZO"
13/03/2025;"Tarjeta";"Comida";-8,05;"MERCADONA"
13/03/2025;"Tarjeta";"Variosvivienda";-29,09;"LÁMPARA"
13/03/2025;"TradeRepublic";"Intereses";0,32;"DIVIDENDOS"
14/03/2025;"Tarjeta";"Comida";-70,82;"MERCADONA"
14/03/2025;"Tarjeta";"Deporte";-5,00;"PÁDEL"
15/03/2025;"Tarjeta";"Ocio";-55,90;"COMIDA FALLAS"
17/03/2025;"TradeRepublic";TRASPASO;-2100,00;"TRASPASO"
17/03/2025;"TradeRepublicFondo";TRASPASO;2100,00;"TRASPASO"
17/03/2025;"Myinvestor";"Intereses";0,23;"DIVIDENDOS ETF"
17/03/2025;"TradeRepublic";TRASPASO;-1000,30;"TRASPASO"
17/03/2025;"TradeRepublicFondo";TRASPASO;1000,30;"TRASPASO"
17/03/2025;"TradeRepublic";"Intereses";0,17;"DIVIDENDO ALPHABET"
17/03/2025;"Tarjeta";"Deporte";-1,75;"PADEL"
17/03/2025;"Tarjeta";"Ocio";-1,30;"ALMUERZO"
17/03/2025;"Sabadell";"Intereses";1,64;"INTERESES"
18/03/2025;"Tarjeta";"Combustible";-79,00;"GASOLINA"
18/03/2025;"TradeRepublic";"Intereses";0,65;"DIVIDENDO ETF"
19/03/2025;"Santander";"Otros gastos";-141,82;"GUITARRA ELÉCTRICA"
19/03/2025;"Myinvestor";TRASPASO;-125,00;"TRASPASO"
19/03/2025;"MyinvestorPensión";TRASPASO;125,00;"TRASPASO"
20/03/2025;"Myinvestor";"Vestir";-20,33;"CAMISETAS"
20/03/2025;"Bit2me";TRASPASO;-529,64;"TRASPASO"
20/03/2025;"Coinbase";TRASPASO;529,64;"TRASPASO"
21/03/2025;"Tarjeta";"Deporte";-7,50;"PÁDEL"
21/03/2025;"Tarjeta";"Comida";-7,66;"FRUTERÍA"
22/03/2025;"Tarjeta";"Comida";-99,45;"MERCADONA"
22/03/2025;"Tarjeta";"Variosvivienda";-22,15;"VARIOS VIVIENDA"
22/03/2025;"Myinvestor";"Otros gastos";-37,38;"GUITARRA ACÚSTICA"
24/03/2025;"Tarjeta";"Ocio";-1,30;"ALMUERZO"
25/03/2025;"Tarjeta";TRASPASO;-1000,00;"COMPRA BITCOINS"
25/03/2025;"Criptan";TRASPASO;1000,00;"COMPRA BITCOINS"
25/03/2025;"Myinvestor";"Otros gastos";-27,09;"CHORRADICAS GUITARRA"
25/03/2025;"Tarjeta";"Deporte";-50,00;"BONO PÁDEL"
25/03/2025;"Tarjeta";"Comida";-9,83;"MERCADONA"
25/03/2025;"TradeRepublic";TRASPASO;-1000,00;"TRASPASO"
25/03/2025;"Myinvestor";TRASPASO;1000,00;"TRASPASO"
25/03/2025;"Myinvestor";TRASPASO;-1000,00;"TRASPASO"
25/03/2025;"Criptan";TRASPASO;1000,00;"TRASPASO"
25/03/2025;"Tarjeta";"Ocio";-1,30;"ALMUERZO"
25/03/2025;"Santander";"Luz";-10,17;"CASA"
25/03/2025;"Sabadell";TRASPASO;-1131,64;"TRASPASO"
25/03/2025;"Myinvestor";TRASPASO;1131,64;"TRASPASO"
26/03/2025;"Tarjeta";"Ocio";-1,30;"ALMUERZO"
26/03/2025;"Sabadell";"Nómina";1973,17;"NÓMINA"
27/03/2025;"Tarjeta";"Ocio";-1,30;"ALMUERZO"
27/03/2025;"Myinvestor";"Vestir";-20,02;"ZAPATILLAS"
27/03/2025;"Tarjeta";TRASPASO;-1000,00;"TRASPASO"
27/03/2025;"N26";TRASPASO;1000,00;"TRASPASO"
27/03/2025;"Myinvestor";TRASPASO;-1000,00;"TRASPASO"
27/03/2025;"N26";TRASPASO;1000,00;"TRASPASO"
27/03/2025;"TradeRepublic";TRASPASO;-2000,00;"TRASPASO"
27/03/2025;"Myinvestor";TRASPASO;2000,00;"TRASPASO"
27/03/2025;"Santander";"Comunidad";-45,86;"DERRAMA PISO"
28/03/2025;"Myinvestor";TRASPASO;-2000,00;"TRASPASO"
28/03/2025;"N26";TRASPASO;2000,00;"TRASPASO"
28/03/2025;"N26";TRASPASO;-3000,00;"COMPRA ACCIONES TESLA"
28/03/2025;"N26Fondo";TRASPASO;3000,00;"COMPRA ACCIONES TESLA"
28/03/2025;"Tarjeta";"Variosvivienda";-18,56;"BATIDORA"
28/03/2025;"Tarjeta";"Otros gastos";-44,38;"MEMORIA 32GB DDR4"
28/03/2025;"N26";"Medicamentos";-80,00;"PSICÓLOGA"
28/03/2025;"Sabadell";TRASPASO;-1335,17;"TRASPASO"
28/03/2025;"N26";TRASPASO;1335,17;"TRASPASO"
28/03/2025;"Tarjeta";"Deporte";-5,00;"PADEL"
29/03/2025;"Tarjeta";"Comida";-121,43;"MERCADONA"
29/03/2025;"Tarjeta";"Ocio";-5,00;"BEBIDA"
29/03/2025;"Tarjeta";"Comida";-10,50;"EL RECHUPETE"
31/03/2025;"Tarjeta";"Deporte";-8,00;"PADEL"
31/03/2025;"Tarjeta";"Ocio";-1,30;"ALMUERZO"
31/03/2025;"Tarjeta";"Otros gastos";-249,00;"CURSO GUITARRA"
31/03/2025;"Sabadell";TRASPASO;-500,00;"TRASPASO"
31/03/2025;"N26";TRASPASO;500,00;"TRASPASO"
31/03/2025;"Sabadell";TRASPASO;-1638,00;"TRASPASO"
31/03/2025;"Tarjeta";TRASPASO;1638,00;"TRASPASO"
31/03/2025;"Myinvestor";TRASPASO;-907,24;"COMPRA ETF BITCOIN"
31/03/2025;"MyinvestorFondo";TRASPASO;907,24;"COMPRA ETF BITCOIN"
31/03/2025;"Santander";"Comunidad";-60,00;"CASA"
01/04/2025;"Tarjeta";"Ocio";-1,30;"ALMUERZO"
01/04/2025;"Myinvestor";"Alquiler";800,00;"ABRIL"
01/04/2025;"N26";"Intereses";0,12;"INTERESES"
01/04/2025;"TradeRepublic";"Intereses";12,27;"INTERESES"
01/04/2025;"N26";"Comunes";-39,12;"MARZO"
01/04/2025;"Sabadell";TRASPASO;-50,00;"TRASPASO"
01/04/2025;"Bbva";TRASPASO;50,00;"TRASPASO"
01/04/2025;"Housers";"Intereses";0,55;"INTERESES"
01/04/2025;"Myinvestor";TRASPASO;-200,00;"TRASPASO"
01/04/2025;"MyinvestorFondo";TRASPASO;200,00;"TRASPASO"
01/04/2025;"Santander";"Comunidad";-35,88;"PISO"
02/04/2025;"TradeRepublic";TRASPASO;-1030,00;"TRASPASO"
02/04/2025;"TradeRepublicFondo";TRASPASO;1030,00;"TRASPASO"
02/04/2025;"Tarjeta";"Ocio";-3,00;"ALMUERZO"
02/04/2025;"TradeRepublic";"Intereses";0,02;"DIVIDENDO NVIDIA"
02/04/2025;"Tarjeta";TRASPASO;-500,00;"TRASPASO"
02/04/2025;"Civislend";TRASPASO;500,00;"TRASPASO"
02/04/2025;"N26";TRASPASO;-500,00;"TRASPASO"
02/04/2025;"Housers";TRASPASO;500,00;"TRASPASO"
03/04/2025;"Tarjeta";"Ocio";-1,30;"ALMUERZO"
04/04/2025;"Tarjeta";"Ocio";-1,30;"ALMUERZO"
04/04/2025;"N26";"Intereses";20,00;"BONIFICACIÓN AMIGO"
05/04/2025;"Tarjeta";"Variosvivienda";-145,74;"DUCHA MANISES AZULEJOS"
05/04/2025;"Tarjeta";"Comida";-60,93;"MERCADONA"
05/04/2025;"Tarjeta";"Comida";-19,40;"BURGUER CARLS"
05/04/2025;"Tarjeta";"Varioscoche";-50,00;"MULTA 2/3/2025"
05/04/2025;"Tarjeta";"Deporte";-6,00;"PÁDEL"
06/04/2025;"Tarjeta";TRASPASO;-500,00;"TRASPASO"
06/04/2025;"Civislend";TRASPASO;500,00;"TRASPASO"
07/04/2025;"Myinvestor";"Intereses";0,83;"INTERESES"
07/04/2025;"TradeRepublic";"Intereses";25,77;"DIVIDENDOS ETF"
07/04/2025;"TradeRepublic";"Intereses";19,70;"DIVIDENDOS ETF"
07/04/2025;"Santander";"Comunidad";-30,00;"GARAJE"
07/04/2025;"N26";TRASPASO;-700,00;"TRASPASO"
07/04/2025;"Santander";TRASPASO;700,00;"TRASPASO"
07/04/2025;"TradeRepublic";"Intereses";34,39;"DIVIDENDOS ETF"
07/04/2025;"Santander";"Agua";-132,23;"CASA"
07/04/2025;"Sabadell";"Comida";-6,00;"ALMUERZO"
08/04/2025;"Tarjeta";"Ocio";-1,30;"ALMUERZO"
09/04/2025;"N26";"Otros gastos";-20,04;"FUNDA SOFA Y SILLAS"
09/04/2025;"Myinvestor";"Gas";-17,92;"GAS"
09/04/2025;"Tarjeta";"Ocio";-1,30;"ALMUERZO"
09/04/2025;"Tarjeta";"Medicamentos";-2,86;"TEVETENS, AFLOYAN Y BESITRANS"
09/04/2025;"N26";TRASPASO;-1500,00;"TRASPASO"
09/04/2025;"Sabadell";TRASPASO;1500,00;"TRASPASO"
10/04/2025;"TradeRepublic";"Intereses";0,78;"DIVIDENDO TSMC"
10/04/2025;"Sabadell";TRASPASO;-44,00;"TRASPASO"
10/04/2025;"N26";TRASPASO;44,00;"TRASPASO"
10/04/2025;"N26";"Vestir";-28,30;"ZAPATILLAS PÁDEL"
10/04/2025;"Tarjeta";"Ocio";-1,30;"ALMUERZO"
11/04/2025;"Tarjeta";"Comida";-56,04;"MERCADONA"
11/04/2025;"N26";"Vestir";-21,37;"ZAPATILLAS PÁDEL"
11/04/2025;"Tarjeta";"Ocio";-1,30;"ALMUERZO"
11/04/2025;"Tarjeta";"Deporte";-8,00;"PÁDEL"
13/04/2025;"Tarjeta";"Deporte";-6,00;"PÁDEL"
13/04/2025;"N26";"Intereses";20,00;"BONIFICACIÓN AMIGO"
13/04/2025;"N26";"Intereses";20,00;"BONIFICACIÓN AMIGO"
14/04/2025;"Tarjeta";"Ocio";-1,30;"ALMUERZO"
14/04/2025;"Sabadell";"Intereses";5,76;"INTERESES"
14/04/2025;"Santander";TRASPASO;-366,47;"TRASPASO"
14/04/2025;"Bbva";TRASPASO;366,47;"TRASPASO"
15/04/2025;"Tarjeta";"Ocio";-1,30;"ALMUERZO"
16/04/2025;"Tarjeta";"Variosvivienda";11,67;"BATIDORA"
16/04/2025;"Tarjeta";"Ocio";-1,30;"ALMUERZO"
17/04/2025;"Tarjeta";"Combustible";-70,02;"GASOLINA"
17/04/2025;"Santander";"Lotería";-30,00;"CARGAR LOTOBOLSA"
17/04/2025;"Freedom24";TRASPASO;-4470,13;"TRASPASO"
17/04/2025;"N26";TRASPASO;4470,13;"TRASPASO"
17/04/2025;"Freedom24";TRASPASO;-5052,12;"TRASPASO"
17/04/2025;"Freedom24Fondo";TRASPASO;5052,12;"TRASPASO"
17/04/2025;"Myinvestor";TRASPASO;-125,00;"TRASPASO"
17/04/2025;"MyinvestorPensión";TRASPASO;125,00;"TRASPASO"
17/04/2025;"Myinvestor";"Luz";-5,22;"CASA"
17/04/2025;"Tarjeta";"Deporte";-8,00;"PADEL"
17/04/2025;"Tarjeta";"Ocio";-1,30;"ALMUERZO"
17/04/2025;"Freedom24";"Intereses";-477,75;"CAMBIO DIVISAS"
18/04/2025;"N26";"Variosvivienda";-27,23;"SÁBANA BAJERA Y BATIDORA"
19/04/2025;"Tarjeta";"Comida";-37,86;"MERCADONA"
19/04/2025;"N26";"Variosvivienda";-20,88;"MANTEL TRANSPARENTE"
22/04/2025;"Tarjeta";"Variosvivienda";-10,40;"MACETAS"
22/04/2025;"Tarjeta";"Variosvivienda";-22,66;"MANTEL Y MACETA"
22/04/2025;"Tarjeta";"Ocio";-1,30;"ALMUERZO"
22/04/2025;"Tarjeta";"Deporte";-7,50;"PÁDEL"
23/04/2025;"Bbva";TRASPASO;-300,00;"TRASPASO"
23/04/2025;"Tarjeta";TRASPASO;300,00;"TRASPASO"
23/04/2025;"Tarjeta";TRASPASO;-500,00;"TRASPASO"
23/04/2025;"Civislend";TRASPASO;500,00;"TRASPASO"
23/04/2025;"Tarjeta";"Ocio";-1,30;"ALMUERZO"
23/04/2025;"N26";TRASPASO;-1100,00;"TRASPASO"
23/04/2025;"Myinvestor";TRASPASO;1100,00;"TRASPASO"
24/04/2025;"Tarjeta";"Ocio";-1,30;"ALMUERZO"
24/04/2025;"N26";"Variosvivienda";-26,05;"ESTANTERÍA"
25/04/2025;"Tarjeta";"Ocio";-1,30;"ALMUERZO"
25/04/2025;"N26";TRASPASO;-300,00;"TRASPASO"
25/04/2025;"Criptan";TRASPASO;300,00;"TRASPASO"
25/04/2025;"Tarjeta";"Comida";-3,55;"MERCADONA"
26/04/2025;"Efectivo";"Ocio";31,00;"CENA BENIDORM"
26/04/2025;"Tarjeta";"Ocio";-60,75;"CENA BENIDORM"
26/04/2025;"Tarjeta";"Ocio";-36,00;"COPAS BENIDORM"
27/04/2025;"Efectivo";"Ocio";-10,00;"CENA BENIDORM"
28/04/2025;"TradeRepublic";"Intereses";2,96;"DIVIDENDO LVMH"
28/04/2025;"Myinvestor";"Comunidad";-60,00;"CASA"
28/04/2025;"N26";"Variosvivienda";-32,29;"FIGURAS JARDIN"
28/04/2025;"Santander";"Comunidad";-45,86;"PISO DERRAMA"
29/04/2025;"Tarjeta";"Ocio";-1,30;"ALMUERZO"
29/04/2025;"Bbva";"Nómina";1973,17;"NÓMINA"
29/04/2025;"Bbva";TRASPASO;-500,00;"TRASPASO"
29/04/2025;"Kraken";TRASPASO;500,00;"TRASPASO"
30/04/2025;"Tarjeta";TRASPASO;-500,00;"TRASPASO"
30/04/2025;"Housers";TRASPASO;500,00;"TRASPASO"
30/04/2025;"Myinvestor";TRASPASO;-1290,52;"TRASPASO"
30/04/2025;"Tarjeta";TRASPASO;1290,52;"TRASPASO"
30/04/2025;"Tarjeta";"Ocio";-1,30;"ALMUERZO"
30/04/2025;"Sabadell";TRASPASO;-1684,80;"TRASPASO"
30/04/2025;"Tarjeta";TRASPASO;1684,80;"TRASPASO"
30/04/2025;"Bbva";TRASPASO;-500,00;"TRASPASO"
30/04/2025;"Kraken";TRASPASO;500,00;"TRASPASO"
30/04/2025;"Criptan";TRASPASO;-300,00;"TRASPASO"
30/04/2025;"Kraken";TRASPASO;300,00;"TRASPASO"
01/05/2025;"Naranja";"Intereses";0,01;"INTERESES"
01/05/2025;"N26";"Intereses";2,51;"INTERESES"
01/05/2025;"Myinvestor";"Alquiler";800,00;"MAYO"
01/05/2025;"Myinvestor";TRASPASO;-200,00;"TRASPASO"
01/05/2025;"MyinvestorFondo";TRASPASO;200,00;"TRASPASO"
01/05/2025;"TradeRepublic";"Intereses";2,13;"INTERESES"
01/05/2025;"Tarjeta";"Comida";-83,96;"CARREFOUR"
01/05/2025;"Sabadell";TRASPASO;-620,96;"TRASPASO"
01/05/2025;"IndexaCapitalFondo";TRASPASO;620,96;"TRASPASO"
01/05/2025;"N26";TRASPASO;-614,14;"TRASPASO"
01/05/2025;"Santander";TRASPASO;614,14;"TRASPASO"
01/05/2025;"TradeRepublic";TRASPASO;-700,00;"TRASPASO"
01/05/2025;"Sabadell";TRASPASO;700,00;"TRASPASO"
01/05/2025;"N26";TRASPASO;-1000,00;"TRASPASO"
01/05/2025;"Sabadell";TRASPASO;1000,00;"TRASPASO"
01/05/2025;"N26";"Variosvivienda";-28,97;"VARIOSVIVIENDA"
01/05/2025;"N26";TRASPASO;-400,00;"TRASPASO"
01/05/2025;"TradeRepublic";TRASPASO;400,00;"TRASPASO"
01/05/2025;"N26";TRASPASO;-841,76;"TRASPASO"
01/05/2025;"IndexaCapitalFondo";TRASPASO;841,76;"TRASPASO"
01/05/2025;"Santander";TRASPASO;-538,28;"TRASPASO"
01/05/2025;"IndexaCapitalFondo";TRASPASO;538,28;"TRASPASO"
02/05/2025;"Tarjeta";"Ocio";-3,00;"ALMUERZO"
02/05/2025;"Tarjeta";"Comida";-109,57;"MERCADONA"
02/05/2025;"N26";"Variosvivienda";-115,00;"DUCHA MANISES MONTAJE MAMPARA"
02/05/2025;"TradeRepublic";TRASPASO;-220,00;"TRASPASO"
02/05/2025;"TradeRepublicFondo";TRASPASO;220,00;"TRASPASO"
03/05/2025;"Efectivo";"Varioscoche";-1,00;"APARCAR"
03/05/2025;"Tarjeta";"Variosvivienda";-7,80;"SILICONA"
05/05/2025;"Sabadell";"Variosvivienda";-935,00;"DUCHA MANISES MANO OBRA"
05/05/2025;"Bbva";TRASPASO;-376,16;"TRASPASO"
05/05/2025;"Sabadell";TRASPASO;376,16;"TRASPASO"
05/05/2025;"TradeRepublic";"Ocio";-1,30;"ALMUERZO"
05/05/2025;"Sabadell";TRASPASO;-539,93;"TRASPASO"
05/05/2025;"N26";TRASPASO;539,93;"TRASPASO"
05/05/2025;"Bbva";TRASPASO;-513,48;"TRASPASO"
05/05/2025;"Tarjeta";TRASPASO;513,48;"TRASPASO"
05/05/2025;"Myinvestor";"Comunidad";-35,88;"PISO"
05/05/2025;"Myinvestor";TRASPASO;-298,77;"TRASPASO"
05/05/2025;"Sabadell";TRASPASO;298,77;"TRASPASO"
06/05/2025;"Bbva";TRASPASO;-50,00;"TRASPASO"
06/05/2025;"IndexaCapitalPensión";TRASPASO;50,00;"TRASPASO"
06/05/2025;"Bbva";"Intereses";25,00;"BONIFICACIÓN AMIGO"
06/05/2025;"Bbva";TRASPASO;-100,00;"TRASPASO"
06/05/2025;"IndexaCapitalPensión";TRASPASO;100,00;"TRASPASO"
06/05/2025;"TradeRepublic";"Deporte";-20,99;"ZAPATILLAS SPINING"
06/05/2025;"TradeRepublic";"Intereses";0,67;"DIVIDENDO ASML"
06/05/2025;"Bbva";"Intereses";324,00;"BONIFICACIÓN DOMICILIACIÓN NÓMINA"
06/05/2025;"TradeRepublic";"Ocio";-1,30;"ALMUERZO"
07/05/2025;"TradeRepublic";"Intereses";29,49;"DIVIDENDO ETF"
07/05/2025;"TradeRepublic";"Intereses";15,01;"DIVIDENDO ETF"
07/05/2025;"N26";TRASPASO;-1000,00;"TRASPASO"
07/05/2025;"Mintos";TRASPASO;1000,00;"TRASPASO"
07/05/2025;"Myinvestor";TRASPASO;-264,70;"TRASPASO"
07/05/2025;"N26";TRASPASO;264,70;"TRASPASO"
07/05/2025;"TradeRepublic";"Intereses";24,35;"DIVIDENDO ETF"
07/05/2025;"Bbva";TRASPASO;-144,29;"TRASPASO"
07/05/2025;"N26";TRASPASO;144,29;"TRASPASO"
07/05/2025;"TradeRepublic";"Ocio";-1,30;"ALMUERZO"
07/05/2025;"N26";TRASPASO;-500,00;"TRASPASO"
07/05/2025;"Hausera";TRASPASO;500,00;"TRASPASO"
07/05/2025;"Bbva";TRASPASO;-199,00;"TRASPASO"
07/05/2025;"N26";TRASPASO;199,00;"TRASPASO"
07/05/2025;"Sabadell";TRASPASO;-300,00;"TRASPASO"
07/05/2025;"N26";TRASPASO;300,00;"TRASPASO"
07/05/2025;"Santander";TRASPASO;-300,00;"TRASPASO"
07/05/2025;"N26";TRASPASO;300,00;"TRASPASO"
07/05/2025;"Myinvestor";"Intereses";0,58;"INTERESES"
08/05/2025;"TradeRepublic";"Ocio";-1,30;"ALMUERZO"
09/05/2025;"Naranja";TRASPASO;-12339,91;"TRASPASO"
09/05/2025;"N26";TRASPASO;12339,91;"TRASPASO"
09/05/2025;"N26";TRASPASO;-800,00;"TRASPASO"
09/05/2025;"Myinvestor";TRASPASO;800,00;"TRASPASO"
09/05/2025;"TradeRepublic";"Medicamentos";-1,43;"AFLOYAN Y BESITRAN"
09/05/2025;"Naranja";TRASPASO;-800,00;"TRASPASO"
09/05/2025;"Santander";TRASPASO;800,00;"TRASPASO"
09/05/2025;"N26";TRASPASO;-743,28;"TRASPASO"
09/05/2025;"Bbva";TRASPASO;743,28;"TRASPASO"
09/05/2025;"N26";"Comunes";-1061,33;"ABRIL"
09/05/2025;"Naranja";TRASPASO;-800,00;"TRASPASO"
09/05/2025;"Sabadell";TRASPASO;800,00;"TRASPASO"
09/05/2025;"Naranja";TRASPASO;-944,29;"TRASPASO"
09/05/2025;"Bbva";TRASPASO;944,29;"TRASPASO"
09/05/2025;"Letras";"Intereses";-22,50;"COMISIONES LETRAS"
09/05/2025;"TradeRepublic";"Ocio";-3,00;"ALMUERZO"
09/05/2025;"Letras";TRASPASO;-14977,50;"TRASPASO"
09/05/2025;"Naranja";TRASPASO;14977,50;"TRASPASO"
09/05/2025;"Bbva";TRASPASO;-650,00;"TRASPASO"
09/05/2025;"IndexaCapitalPensión";TRASPASO;650,00;"TRASPASO"
10/05/2025;"TradeRepublic";"Otros gastos";-22,10;"CHORRADITAS VARIAS"
10/05/2025;"TradeRepublic";"Medicamentos";-1,43;"TEVETENS"
10/05/2025;"TradeRepublic";"Comida";-80,14;"MERCADONA"
10/05/2025;"N26";TRASPASO;-1000,00;"TRASPASO"
10/05/2025;"TradeRepublic";TRASPASO;1000,00;"TRASPASO"
12/05/2025;"TradeRepublic";"Ocio";-1,30;"ALMUERZO"
12/05/2025;"Myinvestor";TRASPASO;-654,64;"TRASPASO"
12/05/2025;"MyinvestorFondo";TRASPASO;654,64;"TRASPASO"
12/05/2025;"Tarjeta";TRASPASO;-500,00;"TRASPASO"
12/05/2025;"Civislend";TRASPASO;500,00;"TRASPASO"
12/05/2025;"N26";TRASPASO;-700,00;"TRASPASO"
12/05/2025;"Myinvestor";TRASPASO;700,00;"TRASPASO"
13/05/2025;"Santander";TRASPASO;-400,00;"TRASPASO"
13/05/2025;"Revolut";TRASPASO;400,00;"TRASPASO"
13/05/2025;"N26";TRASPASO;-1300,00;"TRASPASO"
13/05/2025;"TradeRepublic";TRASPASO;1300,00;"TRASPASO"
13/05/2025;"TradeRepublic";"Ocio";-1,30;"ALMUERZO"
13/05/2025;"Tarjeta";TRASPASO;-500,00;"TRASPASO"
13/05/2025;"Urbanitae";TRASPASO;500,00;"TRASPASO"
13/05/2025;"Bbva";TRASPASO;-593,28;"TRASPASO"
13/05/2025;"Sabadell";TRASPASO;593,28;"TRASPASO"
14/05/2025;"Sabadell";"Intereses";2,44;"INTERESES"
14/05/2025;"Sabadell";TRASPASO;-295,72;"TRASPASO"
14/05/2025;"IndexaCapitalFondo";TRASPASO;295,72;"TRASPASO"
14/05/2025;"TradeRepublic";"Ocio";-1,30;"ALMUERZO"
15/05/2025;"Efectivo";"Ocio";-35,00;"COMIDA TRABAJO ONLY YOU"
15/05/2025;"TradeRepublic";"Ocio";-1,30;"ALMUERZO"
16/05/2025;"TradeRepublic";"Ocio";-1,30;"ALMUERZO"
16/05/2025;"N26";TRASPASO;-1000,00;"TRASPASO"
16/05/2025;"Mintos";TRASPASO;1000,00;"TRASPASO"
16/05/2025;"Santander";"Lotería";-40,00;"CARGAR LOTOBOLSA"
17/05/2025;"TradeRepublic";"Comida";-62,82;"MERCADONA"
18/05/2025;"TradeRepublic";"Combustible";-63,00;"GASOLINA"
19/05/2025;"Myinvestor";TRASPASO;-125,00;"TRASPASO"
19/05/2025;"MyinvestorPensión";TRASPASO;125,00;"TRASPASO"
19/05/2025;"TradeRepublic";"Ocio";-3,00;"ALMUERZO"
20/05/2025;"TradeRepublic";"Ocio";-1,30;"ALMUERZO"
20/05/2025;"TradeRepublic";TRASPASO;-630,69;"TRASPASO"
20/05/2025;"Myinvestor";TRASPASO;630,69;"TRASPASO"
20/05/2025;"TradeRepublic";"Variosvivienda";-39,47;"VARIOS VIVIENDA"
21/05/2025;"Myinvestor";"Luz";-5,05;"CASA"
21/05/2025;"Tarjeta";TRASPASO;-500,00;"TRASPASO"
21/05/2025;"Civislend";TRASPASO;500,00;"TRASPASO"
21/05/2025;"N26";TRASPASO;-700,00;"TRASPASO"
21/05/2025;"IndexaCapitalFondo";TRASPASO;700,00;"TRASPASO"
21/05/2025;"TradeRepublic";"Ocio";-1,30;"ALMUERZO"
21/05/2025;"Santander";"Medicamentos";-60,00;"EMPASTE MUELA"
22/05/2025;"TradeRepublic";"Ocio";-1,30;"ALMUERZO"
22/05/2025;"N26";TRASPASO;-1300,00;"TRASPASO"
22/05/2025;"Bit2me";TRASPASO;1300,00;"TRASPASO"
23/05/2025;"TradeRepublic";"Ocio";-1,30;"ALMUERZO"
24/05/2025;"TradeRepublic";"Comida";-92,58;"MERCADONA"
26/05/2025;"TradeRepublic";"Ocio";-1,30;"ALMUERZO"
27/05/2025;"TradeRepublic";"Comida";-8,85;"MERCADONA"
27/05/2025;"TradeRepublic";"Ocio";-1,30;"ALMUERZO"
27/05/2025;"Myinvestor";"Comunidad";-45,86;"PISO DERRAMA"
27/05/2025;"Myinvestor";"Intereses";16,20;"BONIFICACIÓN AMIGO"
27/05/2025;"Tarjeta";TRASPASO;-500,00;"TRASPASO"
27/05/2025;"Urbanitae";TRASPASO;500,00;"TRASPASO"
27/05/2025;"TradeRepublic";"Regalos";-24,99;"MAMÁ"
27/05/2025;"Myinvestor";"Comunidad";-35,88;"PISO"
28/05/2025;"Bbva";TRASPASO;-1500,00;"TRASPASO"
28/05/2025;"Sabadell";TRASPASO;1500,00;"TRASPASO"
28/05/2025;"TradeRepublic";"Deporte";-39,99;"BOLSA PADEL"
28/05/2025;"Sabadell";TRASPASO;-800,00;"TRASPASO"
28/05/2025;"Myinvestor";TRASPASO;800,00;"TRASPASO"
28/05/2025;"TradeRepublic";"Ocio";-1,30;"ALMUERZO"
28/05/2025;"Bbva";"Nómina";1973,17;"NÓMINA"
28/05/2025;"Sabadell";TRASPASO;-241,65;"TRASPASO"
28/05/2025;"Santander";TRASPASO;241,65;"TRASPASO"
29/05/2025;"TradeRepublic";"Intereses";3,18;"INTERESES ETF"
29/05/2025;"TradeRepublic";"Ocio";-1,30;"ALMUERZO"
29/05/2025;"Myinvestor";TRASPASO;-100,00;"TRASPASO"
29/05/2025;"MyinvestorFondo";TRASPASO;100,00;"TRASPASO"
29/05/2025;"Myinvestor";TRASPASO;-200,00;"TRASPASO"
29/05/2025;"MyinvestorFondo";TRASPASO;200,00;"TRASPASO"
30/05/2025;"Myinvestor";"Intereses";16,20;"BONIFICACIÓN AMIGO"
30/05/2025;"Myinvestor";TRASPASO;-1204,33;"TRASPASO"
30/05/2025;"Tarjeta";TRASPASO;1204,33;"TRASPASO"
30/05/2025;"Sabadell";TRASPASO;-758,35;"TRASPASO"
30/05/2025;"Myinvestor";TRASPASO;758,35;"TRASPASO"
30/05/2025;"TradeRepublic";"Ocio";-1,30;"ALMUERZO"
31/05/2025;"TradeRepublic";"Comida";-48,13;"MERCADONA"
01/06/2025;"N26";"Intereses";8,20;"INTERESES"
01/06/2025;"TradeRepublic";"Intereses";2,96;"INTERESES"
01/06/2025;"Naranja";"Intereses";0,02;"INTERESES"
01/06/2025;"Efectivo";"Otros ingresos";65,00;"VENTA SILLÓN IKEA"
01/06/2025;"Myinvestor";"Alquiler";800,00;"JUNIO"
02/06/2025;"Myinvestor";"Comunidad";-60,00;"CASA"
02/06/2025;"TradeRepublic";TRASPASO;-660,00;"TRASPASO"
02/06/2025;"TradeRepublicFondo";TRASPASO;660,00;"TRASPASO"
02/06/2025;"TradeRepublic";"Ocio";-1,30;"ALMUERZO"
03/06/2025;"TradeRepublic";"Ocio";-1,30;"ALMUERZO"
03/06/2025;"Myinvestor";"Comunes";-742,35;"MAYO"
03/06/2025;"Efectivo";"Otros gastos";-5,00;"FLORES"
04/06/2025;"TradeRepublic";"Deporte";-50,00;"BONO PADEL"
04/06/2025;"TradeRepublic";"Ocio";-1,30;"ALMUERZO"
04/06/2025;"TradeRepublic";"Medicamentos";-2,28;"TEVETENS Y AFLOYAN"
04/06/2025;"TradeRepublic";"Variosvivienda";-23,34;"CHORRADICAS"
05/06/2025;"Bbva";TRASPASO;-100,00;"TRASPASO"
05/06/2025;"IndexaCapitalPensión";TRASPASO;100,00;"TRASPASO"
05/06/2025;"TradeRepublic";"Ocio";-1,30;"ALMUERZO"
05/06/2025;"TradeRepublic";"Variosvivienda";-22,68;"CHORRADICAS"
05/06/2025;"Bbva";TRASPASO;-501,30;"TRASPASO"
05/06/2025;"Tarjeta";TRASPASO;501,30;"TRASPASO"
06/06/2025;"TradeRepublic";"Ocio";-29,40;"TAXI AEROPUERTO"
06/06/2025;"TradeRepublic";"Comida";-20,43;"MERCADONA"
06/06/2025;"TradeRepublic";"Intereses";42,74;"INTERESES ETF"
06/06/2025;"TradeRepublic";"Intereses";30,18;"INTERESES ETF"
06/06/2025;"TradeRepublic";"Intereses";13,67;"INTERESES ETF"
06/06/2025;"Bbva";"Intereses";25,00;"CASHBACK"
07/06/2025;"Myinvestor";"Intereses";0,91;"INTERESES"
09/06/2025;"Civislend";"Intereses";25,00;"BONIFICACIÓN AMIGO"
10/06/2025;"Santander";"Impuestos";-393,67;"IBI URBANA PISO"
10/06/2025;"Santander";"Impuestos";-66,03;"IBI URBANA GARAJE"
10/06/2025;"Santander";"Impuestos";-81,95;"IBI URBANA TRASTERO"
12/06/2025;"TradeRepublic";"Intereses";0,48;"INTERESES MICROSOFT"
12/06/2025;"Myinvestor";TRASPASO;-100,00;"TRASPASO"
12/06/2025;"MyinvestorFondo";TRASPASO;100,00;"TRASPASO"
13/06/2025;"Myinvestor";"Gas";-17,04;"CASA"
14/06/2025;"Efectivo";"Ocio";-10,00;"VACACIONES"
15/06/2025;"TradeRepublic";"Variosvivienda";-30,88;"VARIOSVIVIENDA"
15/06/2025;"Bbva";TRASPASO;-350,00;"TRASPASO"
15/06/2025;"Housers";TRASPASO;350,00;"TRASPASO"
15/06/2025;"TradeRepublic";"Ocio";-42,10;"TAXI AEROPUERTO"
16/06/2025;"Sabadell";"Intereses";1,75;"INTERESES"
16/06/2025;"TradeRepublic";"Intereses";0,27;"INTERESES ALPHABET"
16/06/2025;"TradeRepublic";"Vestir";-22,58;"ZAPATOS Y CAMISA"
16/06/2025;"Myinvestor";"Intereses";1,29;"INTERESES ETF"
16/06/2025;"Sabadell";TRASPASO;-401,75;"TRASPASO"
16/06/2025;"Bbva";TRASPASO;401,75;"TRASPASO"
16/06/2025;"TradeRepublic";"Comida";-120,33;"MERCADONA"
17/06/2025;"TradeRepublic";"Ocio";-1,30;"ALMUERZO"
17/06/2025;"Myinvestor";TRASPASO;-125,00;"TRASPASO"
17/06/2025;"MyinvestorPensión";TRASPASO;125,00;"TRASPASO"
18/06/2025;"Myinvestor";"Luz";-5,22;"CASA"
18/06/2025;"TradeRepublic";"Deporte";-6,00;"PADEL"
18/06/2025;"TradeRepublic";"Ocio";-1,30;"ALMUERZO"
19/06/2025;"TradeRepublic";"Ocio";-3,00;"ALMUERZO"
19/06/2025;"TradeRepublic";"Combustible";-76,00;"GASOLINA"
20/06/2025;"N26";TRASPASO;-700,00;"TRASPASO"
20/06/2025;"IndexaCapitalFondo";TRASPASO;700,00;"TRASPASO"
20/06/2025;"TradeRepublic";"Ocio";-1,30;"ALMUERZO"
21/06/2025;"TradeRepublic";"Comida";-64,01;"MERCADONA"
23/06/2025;"Sabadell";TRASPASO;-660,00;"TRASPASO"
23/06/2025;"Kraken";TRASPASO;660,00;"TRASPASO"
23/06/2025;"TradeRepublic";"Ocio";-1,30;"ALMUERZO"
23/06/2025;"Bbva";TRASPASO;-660,00;"TRASPASO"
23/06/2025;"Sabadell";TRASPASO;660,00;"TRASPASO"
23/06/2025;"Bbva";TRASPASO;-751,21;"TRASPASO"
23/06/2025;"Myinvestor";TRASPASO;751,21;"TRASPASO"
23/06/2025;"Santander";TRASPASO;-500,00;"TRASPASO"
23/06/2025;"Kraken";TRASPASO;500,00;"TRASPASO"
23/06/2025;"Bbva";TRASPASO;-840,00;"TRASPASO"
23/06/2025;"Santander";TRASPASO;840,00;"TRASPASO"
23/06/2025;"TradeRepublic";"Medicamentos";-2,01;"TEVETENS Y BESITRANS"
23/06/2025;"Bbva";TRASPASO;-1691,80;"TRASPASO"
23/06/2025;"N26";TRASPASO;1691,80;"TRASPASO"
23/06/2025;"Bbva";"Nómina";3994,39;"NÓMINA"
23/06/2025;"Santander";"Lotería";-40,00;"CARGAR LOTOBOLSA"
23/06/2025;"N26";TRASPASO;-2000,00;"TRASPASO"
23/06/2025;"TradeRepublic";TRASPASO;2000,00;"TRASPASO"
24/06/2025;"TradeRepublic";"Intereses";1,38;"DIVIDENDO ETF"
25/06/2025;"TradeRepublic";"Ocio";-1,30;"ALMUERZO"
26/06/2025;"TradeRepublic";"Ocio";-1,30;"ALMUERZO"
26/06/2025;"Myinvestor";TRASPASO;-100,00;"TRASPASO"
26/06/2025;"MyinvestorFondo";TRASPASO;100,00;"TRASPASO"
26/06/2025;"TradeRepublic";"Variosvivienda";-20,00;"VARIOS VIVIENDA"
27/06/2025;"Myinvestor";"Comunes";-45,86;"PISO"
27/06/2025;"TradeRepublic";"Variosvivienda";-31,60;"VARIOS VIVIENDA"
27/06/2025;"TradeRepublic";"Ocio";-1,30;"ALMUERZO"
28/06/2025;"TradeRepublic";"Comida";-113,84;"Mercadona"
29/06/2025;"TradeRepublic";"Comida";-10,46;"Charter"
30/06/2025;"Myinvestor";TRASPASO;-1000,00;"TRASPASO"
30/06/2025;"Tarjeta";TRASPASO;1000,00;"TRASPASO"
30/06/2025;"Myinvestor";"Comunidad";-35,88;"PISO"
30/06/2025;"TradeRepublic";"Ocio";-14,40;"ALMUERZO"
01/07/2025;"N26";"Intereses";6,59;"INTERESES"
01/07/2025;"TradeRepublic";"Ocio";-1,30;"ALMUERZO"
01/07/2025;"TradeRepublic";"Vestir";-20,25;"ZAPATILLAS Y VARIOS"
01/07/2025;"Myinvestor";"Comunidad";-60,00;"CASA"
01/07/2025;"Naranja";"Intereses";0,03;"INTERESES"
01/07/2025;"Myinvestor";"Alquiler";800,00;"JULIO"
01/07/2025;"TradeRepublic";"Intereses";1,94;"INTERESES"
01/07/2025;"Tarjeta";"Lotería";-4,00;"EUROJACKPOT"
02/07/2025;"Myinvestor";TRASPASO;-500,00;"Traspaso"
02/07/2025;"MyinvestorFondo";TRASPASO;500,00;"Traspaso"
02/07/2025;"TradeRepublic";TRASPASO;-660,00;"Traspaso"
02/07/2025;"TradeRepublicFondo";TRASPASO;660,00;"Traspaso"
02/07/2025;"Santander";"Comunes";-25,70;"Junio"
02/07/2025;"TradeRepublic";"Ocio";-1,30;"Almuerzo"
03/07/2025;"TradeRepublic";"Ocio";-1,30;"Almuerzo"
03/07/2025;"TradeRepublic";"Otros gastos";-20,68;"Chorraditas varias"
03/07/2025;"TradeRepublic";"Intereses";0,02;"Intereses Nvidia"
04/07/2025;"TradeRepublic";"Comida";-81,94;"Mercadona"
04/07/2025;"TradeRepublic";"Ocio";-1,30;"Almuerzo"
07/07/2025;"Myinvestor";"Comunidad";-35,00;"Garaje"
07/07/2025;"TradeRepublic";"Ocio";-1,30;"Almuerzo"
07/07/2025;"Santander";"Impuestos";-215,90;"Ibi Urbana casa"
07/07/2025;"Myinvestor";"Seguros";-110,94;"Seguro piso"
07/07/2025;"Myinvestor";"Intereses";0,99;"Intereses"
07/07/2025;"Tarjeta";TRASPASO;-600,00;"Traspaso"
07/07/2025;"Civislend";TRASPASO;600,00;"Traspaso"
07/07/2025;"Bbva";TRASPASO;-100,00;"Traspaso"
07/07/2025;"IndexaCapitalPensión";TRASPASO;100,00;"Traspaso"
08/07/2025;"TradeRepublic";"Intereses";36,26;"Intereses Etf"
08/07/2025;"N26";TRASPASO;-2006,59;"Traspaso"
08/07/2025;"Sabadell";TRASPASO;2006,59;"Traspaso"
08/07/2025;"TradeRepublic";"Ocio";-1,30;"Almuerzo"
08/07/2025;"TradeRepublic";"Lotería";-4,00;"EUROJACKPOT"
08/07/2025;"Santander";"Otros gastos";-54,95;"Teléfono"
08/07/2025;"TradeRepublic";"Ocio";-23,00;"Comida trabajo"
09/07/2025;"TradeRepublic";"Intereses";41,08;"Intereses Etf"
09/07/2025;"TradeRepublic";"Ocio";-1,30;"ALMUERZO"
09/07/2025;"TradeRepublic";"Deporte";-7,50;"Pádel"
10/07/2025;"TradeRepublic";"Intereses";0,91;"DIVIDENDO TSMC"
10/07/2025;"Myinvestor";TRASPASO;-100,00;"TRASPASO"
10/07/2025;"MyinvestorFondo";TRASPASO;100,00;"TRASPASO"
10/07/2025;"TradeRepublic";"Vestir";-21,06;"VESTIR"
10/07/2025;"TradeRepublic";"Ocio";-1,30;"ALMUERZO"
11/07/2025;"TradeRepublic";"Medicamentos";-1,43;"Besitrans y Afloyan"
11/07/2025;"TradeRepublic";"Vestir";-20,36;"VESTIR"
11/07/2025;"TradeRepublic";"Comida";-71,76;"Mercadona"
12/07/2025;"Sabadell";TRASPASO;-1606,59;"Traspaso"
12/07/2025;"Myinvestor";TRASPASO;1606,59;"Traspaso"
12/07/2025;"Bbva";TRASPASO;-96,55;"Traspaso"
12/07/2025;"Santander";TRASPASO;96,55;"Traspaso"
12/07/2025;"TradeRepublic";"Deporte";-6,00;"Pádel"
14/07/2025;"Sabadell";"Intereses";1,33;"Intereses"
14/07/2025;"TradeRepublic";"Ocio";-1,30;"ALMUERZO"
14/07/2025;"TradeRepublic";"Deporte";-7,50;"Pádel"
15/07/2025;"TradeRepublic";"Intereses";32,83;"Intereses Etf"
15/07/2025;"TradeRepublic";"Ocio";-1,30;"ALMUERZO"
15/07/2025;"TradeRepublic";"Lotería";-4,00;"EUROJACKPOT"
15/07/2025;"TradeRepublic";"Vestir";-20,27;"VESTIR"
15/07/2025;"TradeRepublic";"Combustible";-67,35;"Gasolina"
16/07/2025;"Tarjeta";TRASPASO;-600,00;"Traspaso"
16/07/2025;"Civislend";TRASPASO;600,00;"Traspaso"
16/07/2025;"TradeRepublic";"Ocio";-1,30;"ALMUERZO"
17/07/2025;"Myinvestor";"Ocio";-1,30;"ALMUERZO"
17/07/2025;"Civislend";TRASPASO;-600,00;"Traspaso"
17/07/2025;"Sabadell";TRASPASO;600,00;"Traspaso"
17/07/2025;"Myinvestor";"Deporte";-7,50;"Pádel"
17/07/2025;"Myinvestor";TRASPASO;-125,00;"TRASPASO"
17/07/2025;"MyinvestorPensión";TRASPASO;125,00;"TRASPASO"
18/07/2025;"Tarjeta";TRASPASO;-600,00;"Traspaso"
18/07/2025;"Urbanitae";TRASPASO;600,00;"Traspaso"
18/07/2025;"Myinvestor";"Ocio";-1,30;"ALMUERZO"
18/07/2025;"N26";"Medicamentos";-80,00;"PSICÓLOGA"
19/07/2025;"Myinvestor";"Comida";-125,30;"Carrefour"
20/07/2025;"Myinvestor";"Deporte";-6,00;"Pádel"
21/07/2025;"N26";TRASPASO;-700,00;"TRASPASO"
21/07/2025;"IndexaCapitalFondo";TRASPASO;700,00;"TRASPASO"
21/07/2025;"Myinvestor";"Luz";-5,05;"Casa"
21/07/2025;"Sabadell";TRASPASO;-601,33;"Traspaso"
21/07/2025;"Myinvestor";TRASPASO;601,33;"Traspaso"
22/07/2025;"Myinvestor";"Ocio";-1,30;"Almuerzo"
22/07/2025;"Tarjeta";"Otros gastos";-20,00;"Derechos Examen A2"
22/07/2025;"Myinvestor";"Lotería";-4,00;"Eurojackpot"
23/07/2025;"Myinvestor";"Ocio";-1,30;"Almuerzo"
23/07/2025;"Bbva";"Nómina";1973,17;"Nómina"
23/07/2025;"Bbva";TRASPASO;-500,00;"Traspaso"
23/07/2025;"TradeRepublic";TRASPASO;500,00;"Traspaso"
23/07/2025;"Bbva";TRASPASO;-676,62;"Traspaso"
23/07/2025;"Myinvestor";TRASPASO;676,62;"Traspaso"
24/07/2025;"Myinvestor";"Ocio";-1,30;"Almuerzo"
24/07/2025;"Myinvestor";TRASPASO;-100,00;"TRASPASO"
24/07/2025;"MyinvestorFondo";TRASPASO;100,00;"TRASPASO"
25/07/2025;"Myinvestor";"Ocio";-1,30;"Almuerzo"
26/07/2025;"Myinvestor";"Comida";-100,71;"Mercadona"
26/07/2025;"TradeRepublic";TRASPASO;-1036,56;"TRASPASO"
26/07/2025;"Deblock";TRASPASO;1036,56;"TRASPASO"
26/07/2025;"Deblock";"Intereses";10,00;"Bonificación"
26/07/2025;"Myinvestor";"Deporte";-12,00;"Pádel"
27/07/2025;"Bit2me";TRASPASO;-1298,36;"Traspaso"
27/07/2025;"Deblock";TRASPASO;1298,36;"Traspaso"
28/07/2025;"Myinvestor";"Ocio";-1,30;"Almuerzo"
28/07/2025;"Santander";"Lotería";-40,00;"CARGAR LOTOBOLSA"
29/07/2025;"Myinvestor";"Ocio";-1,30;"Almuerzo"
30/07/2025;"TradeRepublic";"Otros ingresos";13,26;"Devolución Temu"
30/07/2025;"TradeRepublicFondo";TRASPASO;-151,24;"United Health Group"
30/07/2025;"TradeRepublic";TRASPASO;151,24;"United Health Group"
30/07/2025;"TradeRepublicFondo";"Intereses";-147,76;"Intereses"
30/07/2025;"TradeRepublicFondo";TRASPASO;-218,00;"Lvmh"
30/07/2025;"TradeRepublic";TRASPASO;218,00;"Lvmh"
30/07/2025;"TradeRepublicFondo";"Intereses";-81,90;"Intereses"
30/07/2025;"TradeRepublicFondo";TRASPASO;-267,54;"Asml"
30/07/2025;"TradeRepublic";TRASPASO;267,54;"Asml"
30/07/2025;"TradeRepublicFondo";"Intereses";-31,46;"Intereses"
30/07/2025;"TradeRepublicFondo";TRASPASO;-270,89;"Berkshire"
30/07/2025;"TradeRepublic";TRASPASO;270,89;"Berkshire"
30/07/2025;"TradeRepublicFondo";"Intereses";-28,11;"Intereses"
30/07/2025;"TradeRepublicFondo";TRASPASO;-284,26;"Tesla"
30/07/2025;"TradeRepublic";TRASPASO;284,26;"Tesla"
30/07/2025;"TradeRepublicFondo";"Intereses";-14,74;"Intereses"
30/07/2025;"TradeRepublicFondo";TRASPASO;-291,97;"Alphabet"
30/07/2025;"TradeRepublic";TRASPASO;291,97;"Alphabet"
30/07/2025;"TradeRepublicFondo";"Intereses";-0,98;"Intereses"
30/07/2025;"TradeRepublicFondo";TRASPASO;-298,02;"Amazon"
30/07/2025;"TradeRepublic";TRASPASO;298,02;"Amazon"
30/07/2025;"TradeRepublicFondo";TRASPASO;-335,98;"Tsmc"
30/07/2025;"TradeRepublic";TRASPASO;335,98;"Tsmc"
30/07/2025;"TradeRepublicFondo";"Intereses";36,98;"Intereses"
30/07/2025;"TradeRepublicFondo";TRASPASO;-345,65;"Microsoft"
30/07/2025;"TradeRepublic";TRASPASO;345,65;"Microsoft"
30/07/2025;"TradeRepublicFondo";"Intereses";46,65;"Intereses"
30/07/2025;"TradeRepublicFondo";TRASPASO;-373,99;"Nvidia"
30/07/2025;"TradeRepublic";TRASPASO;373,99;"Nvidia"
30/07/2025;"TradeRepublicFondo";"Intereses";74,99;"Intereses"
30/07/2025;"TradeRepublicFondo";"Intereses";-7,03;"Intereses"
31/07/2025;"Myinvestor";TRASPASO;-600,00;"Traspaso"
31/07/2025;"Tarjeta";TRASPASO;600,00;"Traspaso"
31/07/2025;"Myinvestor";"Comunidad";-35,88;"Piso"
31/07/2025;"N26Fondo";TRASPASO;-1862,29;"Traspaso"
31/07/2025;"N26";TRASPASO;1862,29;"Traspaso"
31/07/2025;"N26Fondo";"Intereses";152,71;"Intereses"
31/07/2025;"Sabadell";TRASPASO;-604,00;"Traspaso"
31/07/2025;"Tarjeta";TRASPASO;604,00;"Traspaso"
31/07/2025;"Myinvestor";"Ocio";-1,30;"Almuerzo"
31/07/2025;"TradeRepublic";"Intereses";2,24;"Intereses Etf"
01/08/2025;"Myinvestor";"Alquiler";800,00;"Agosto"
01/08/2025;"N26";"Intereses";1,97;"Intereses"
01/08/2025;"Naranja";"Intereses";0,03;"Intereses"
01/08/2025;"Myinvestor";"Comunidad";-100,00;"Casa"
01/08/2025;"Myinvestor";"Ocio";-1,30;"Almuerzo"
01/08/2025;"TradeRepublic";"Intereses";2,55;"Intereses"
02/08/2025;"N26";TRASPASO;-1300,00;"Traspaso"
02/08/2025;"N26Fondo";TRASPASO;1300,00;"Traspaso"
02/08/2025;"TradeRepublic";TRASPASO;-500,00;"Traspaso"
02/08/2025;"Deblock";TRASPASO;500,00;"Traspaso"
02/08/2025;"TradeRepublic";TRASPASO;-500,00;"Traspaso"
02/08/2025;"Bbva";TRASPASO;500,00;"Traspaso"
04/08/2025;"Myinvestor";"Comida";-83,95;"Mercadona"
04/08/2025;"Myinvestor";"Medicamentos";-37,95;"Medicamentos"
04/08/2025;"Myinvestor";"Medicamentos";-2,28;"Tevetens y Afloyan"
04/08/2025;"Myinvestor";"Ocio";-1,30;"Almuerzo"
04/08/2025;"Myinvestor";TRASPASO;-499,44;"Traspaso"
04/08/2025;"Santander";TRASPASO;499,44;"Traspaso"
04/08/2025;"Myinvestor";TRASPASO;-499,44;"Traspaso"
04/08/2025;"Santander";TRASPASO;499,44;"Traspaso"
04/08/2025;"TradeRepublic";TRASPASO;-1800,00;"Traspaso"
04/08/2025;"Kraken";TRASPASO;1800,00;"Traspaso"
04/08/2025;"Bbva";"Rev/Itv";-41,47;"Itv Sandero"
05/08/2025;"Myinvestor";"Ocio";-1,30;"Almuerzo"
05/08/2025;"Santander";"Medicamentos";37,95;"Medicamentos"
05/08/2025;"Santander";TRASPASO;-799,44;"Traspaso"
05/08/2025;"Deblock";TRASPASO;799,44;"Traspaso"
05/08/2025;"Tarjeta";TRASPASO;-600,00;"Traspaso"
05/08/2025;"Civislend";TRASPASO;600,00;"Traspaso"
05/08/2025;"Myinvestor";"Intereses";2,31;"Intereses"
05/08/2025;"Bbva";TRASPASO;-100,00;"Traspaso"
05/08/2025;"IndexaCapitalPensión";TRASPASO;100,00;"Traspaso"
05/08/2025;"Bbva";TRASPASO;-600,00;"Traspaso"
05/08/2025;"Tarjeta";TRASPASO;600,00;"Traspaso"
05/08/2025;"TradeRepublic";"Intereses";0,47;"Dividendo Asml"
06/08/2025;"Myinvestor";"Ocio";-1,30;"Almuerzo"
06/08/2025;"Santander";TRASPASO;-100,00;"Traspaso"
06/08/2025;"Kraken";TRASPASO;100,00;"Traspaso"
06/08/2025;"Bbva";"Intereses";25,00;"CASHBACK"
06/08/2025;"Tarjeta";TRASPASO;-775,00;"Traspaso"
06/08/2025;"Civislend";TRASPASO;775,00;"Traspaso"
06/08/2025;"Myinvestor";"Deporte";-1,75;"Pádel"
07/08/2025;"Myinvestor";"Ocio";-1,30;"Almuerzo"
07/08/2025;"Myinvestor";"Intereses";0,05;"Intereses"
07/08/2025;"Myinvestor";TRASPASO;-100,00;"Traspaso"
07/08/2025;"MyinvestorFondo";TRASPASO;100,00;"Traspaso"
07/08/2025;"Myinvestor";"Deporte";-7,50;"Pádel"
07/08/2025;"TradeRepublic";"Intereses";16,82;"Intereses Etf"
08/08/2025;"Myinvestor";"Ocio";-1,30;"Almuerzo"
08/08/2025;"Santander";"Comunes";-146,00;"Julio"
08/08/2025;"Santander";"Vestir";-17,00;"Vestir"
08/08/2025;"Santander";"Variosvivienda";-16,00;"Sartén tortilla"
08/08/2025;"TradeRepublic";"Intereses";23,90;"Intereses Etf"
08/08/2025;"TradeRepublic";"Intereses";20,39;"Intereses Etf"
09/08/2025;"Myinvestor";"Comida";-117,98;"MERCADONA"
10/08/2025;"Myinvestor";TRASPASO;-663,46;"TRASPASO"
10/08/2025;"Santander";TRASPASO;663,46;"TRASPASO"
10/08/2025;"Santander";"Deporte";-23,46;"Muñequeras y varios"
10/08/2025;"Myinvestor";"Deporte";-12,00;"Pádel"
11/08/2025;"Urbanitae";"Intereses";25,00;"Plan Amigo"
11/08/2025;"Santander";TRASPASO;-600,00;"Traspaso"
11/08/2025;"Kraken";TRASPASO;600,00;"Traspaso"
12/08/2025;"Myinvestor";TRASPASO;-288,00;"Traspaso"
12/08/2025;"MyinvestorFondo";TRASPASO;288,00;"Traspaso"
14/08/2025;"Myinvestor";"Variosvivienda";-29,98;"Tomates cherry"
15/08/2025;"Myinvestor";"Luz";-5,22;"Casa"
15/08/2025;"Myinvestor";"Deporte";-6,00;"Pádel"
16/08/2025;"Myinvestor";"Comida";-110,58;"Mercadona"
17/08/2025;"TradeRepublic";"Combustible";-72,01;"Gasolina"
18/08/2025;"Myinvestor";"Gas";-13,78;"Gas"
18/08/2025;"Myinvestor";"Deporte";-7,50;"Pádel"
18/08/2025;"Myinvestor";TRASPASO;-125,00;"Traspaso"
18/08/2025;"MyinvestorPensión";TRASPASO;125,00;"Traspaso"
20/08/2025;"Santander";"Medicamentos";-2,01;"Tevetens y Besitrans"
20/08/2025;"N26";TRASPASO;-700,00;"Traspaso"
20/08/2025;"IndexaCapitalFondo";TRASPASO;700,00;"Traspaso"
20/08/2025;"Myinvestor";"Deporte";-7,50;"Pádel"
20/08/2025;"Myinvestor";"Ocio";-9,80;"Horchata"
20/08/2025;"Sabadell";"Intereses";1,73;"Intereses"
21/08/2025;"Myinvestor";TRASPASO;-100,00;"Traspaso"
21/08/2025;"MyinvestorFondo";TRASPASO;100,00;"Traspaso"
21/08/2025;"Santander";"Vestir";-28,45;"Vestir"
21/08/2025;"Myinvestor";"Variosvivienda";-15,58;"Plantas"
22/08/2025;"Myinvestor";"Comida";-25,35;"Mercadona"
23/08/2025;"Santander";"Variosvivienda";-35,89;"Maceta huerto"
23/08/2025;"Myinvestor";"Comida";-85,38;"Mercadona"
24/08/2025;"Bitvavo";"Intereses";10,00;"Bonificación apertura"
24/08/2025;"Santander";TRASPASO;-20,00;"Traspaso"
24/08/2025;"Bitvavo";TRASPASO;20,00;"Traspaso"
24/08/2025;"Myinvestor";"Deporte";-7,50;"Pádel"
24/08/2025;"Santander";"Vestir";-20,17;"Vestir"
26/08/2025;"TradeRepublic";TRASPASO;-519,75;"Traspaso"
26/08/2025;"Myinvestor";TRASPASO;519,75;"Traspaso"
26/08/2025;"Bbva";TRASPASO;-596,99;"Traspaso"
26/08/2025;"Myinvestor";TRASPASO;596,99;"Traspaso"
26/08/2025;"Myinvestor";"Lotería";-4,00;"EUROJACKPOT"
26/08/2025;"Bbva";TRASPASO;-800,00;"Traspaso"
26/08/2025;"TradeRepublic";TRASPASO;800,00;"Traspaso"
26/08/2025;"Bbva";"Nómina";2413,46;"Nómina"
26/08/2025;"Bbva";TRASPASO;-1000,00;"Traspaso"
26/08/2025;"N26";TRASPASO;1000,00;"Traspaso"
27/08/2025;"TradeRepublic";TRASPASO;-500,00;"Traspaso"
27/08/2025;"Sabadell";TRASPASO;500,00;"Traspaso"
27/08/2025;"Myinvestor";TRASPASO;-163,57;"Traspaso"
27/08/2025;"Santander";TRASPASO;163,57;"Traspaso"
27/08/2025;"Naranja";TRASPASO;-100,08;"Traspaso"
27/08/2025;"Santander";TRASPASO;100,08;"Traspaso"
27/08/2025;"Santander";"Variosvivienda";-20,82;"Varios vivienda"
29/08/2025;"N26";TRASPASO;-600,46;"Traspaso"
29/08/2025;"Criptan";TRASPASO;600,46;"Traspaso"
29/08/2025;"N26Fondo";TRASPASO;-1516,20;"Traspaso"
29/08/2025;"N26";TRASPASO;1516,20;"Traspaso"
29/08/2025;"N26";TRASPASO;-1500,00;"Traspaso"
29/08/2025;"Bitvavo";TRASPASO;1500,00;"Traspaso"
29/08/2025;"Myinvestor";TRASPASO;-795,00;"Traspaso"
29/08/2025;"Tarjeta";TRASPASO;795,00;"Traspaso"
29/08/2025;"N26Fondo";"Intereses";216,20;"Venta acciones Tesla"
30/08/2025;"Myinvestor";TRASPASO;-405,00;"Traspaso"
30/08/2025;"MyinvestorFondo";TRASPASO;405,00;"Traspaso"
30/08/2025;"Ing";TRASPASO;-4,00;"Traspaso"
30/08/2025;"Naranja";TRASPASO;4,00;"Traspaso"
31/08/2025;"Sabadell";TRASPASO;-800,00;"Traspaso"
31/08/2025;"Bit2me";TRASPASO;800,00;"Traspaso"
31/08/2025;"Civislend";TRASPASO;-1000,00;"Traspaso"
31/08/2025;"Sabadell";TRASPASO;1000,00;"Traspaso"
31/08/2025;"Tarjeta";TRASPASO;-1300,00;"Traspaso de Visa Carrefour"
31/08/2025;"Civislend";TRASPASO;1300,00;"Traspaso de Visa Carrefour"
01/09/2025;"Myinvestor";"Comunidad";-35,88;"Piso"
01/09/2025;"Myinvestor";"Comunidad";-100,00;"Casa"
01/09/2025;"N26";"Intereses";1,07;"Intereses"
01/09/2025;"TradeRepublic";"Intereses";1,55;"Intereses"
01/09/2025;"Myinvestor";"Alquiler";800,00;"Septiembre"
01/09/2025;"Naranja";"Intereses";0,02;"Intereses"
01/09/2025;"Myinvestor";"Ocio";-1,30;"Almuerzo"
02/09/2025;"Sabadell";TRASPASO;-597,73;"Traspaso"
02/09/2025;"Santander";TRASPASO;597,73;"Traspaso"
02/09/2025;"Myinvestor";"Ocio";-1,30;"Almuerzo"
02/09/2025;"Myinvestor";"Comida";-74,45;"Mercadona"
02/09/2025;"Myinvestor";"Lotería";-4,00;"Eurojackpot"
02/09/2025;"Santander";TRASPASO;-600,00;"Traspaso"
02/09/2025;"Kraken";TRASPASO;600,00;"Traspaso"
03/09/2025;"Myinvestor";TRASPASO;-200,00;"Traspaso"
03/09/2025;"MyinvestorFondo";TRASPASO;200,00;"Traspaso"
03/09/2025;"TradeRepublic";"Intereses";0,03;"Dividendo Bitcoin"
03/09/2025;"Myinvestor";"Ocio";-1,30;"Almuerzo"
03/09/2025;"Myinvestor";"Intereses";1,20;"Intereses"
03/09/2025;"Sabadell";TRASPASO;-300,00;"Traspaso"
03/09/2025;"Openbank";TRASPASO;300,00;"Traspaso"
03/09/2025;"Santander";"Comunes";48,98;"Agosto"
04/09/2025;"Myinvestor";"Ocio";-1,30;"Almuerzo"
04/09/2025;"Civislend";TRASPASO;-300,00;"Traspaso"
04/09/2025;"Sabadell";TRASPASO;300,00;"Traspaso"
05/09/2025;"Bbva";TRASPASO;-100,00;"Traspaso"
05/09/2025;"IndexaCapitalPensión";TRASPASO;100,00;"Traspaso"
05/09/2025;"Myinvestor";"Ocio";-1,30;"Almuerzo"
05/09/2025;"Bbva";TRASPASO;-600,00;"Traspaso"
05/09/2025;"Tarjeta";TRASPASO;600,00;"Traspaso"
06/09/2025;"Myinvestor";"Variosvivienda";-43,50;"Macetas y tierra"
06/09/2025;"Myinvestor";"Ocio";-9,80;"Horchata"
06/09/2025;"Myinvestor";"Deporte";-12,00;"Pádel"
08/09/2025;"TradeRepublic";TRASPASO;-100,00;"Traspaso"
08/09/2025;"Openbank";TRASPASO;100,00;"Traspaso"
08/09/2025;"Civislend";"Intereses";25,00;"BONIFICACIÓN AMIGO"
08/09/2025;"TradeRepublic";"Intereses";26,61;"Intereses dividendo"
08/09/2025;"Myinvestor";"Comida";-90,35;"Mercadona"
08/09/2025;"Bbva";"Intereses";25,00;"CASHBACK"
08/09/2025;"TradeRepublic";"Intereses";19,40;"Intereses dividendo"
08/09/2025;"Myinvestor";"Ocio";-1,30;"Almuerzo"
09/09/2025;"Efectivo";"Lotería";-4,00;"Eurojackpot"
09/09/2025;"Efectivo";"Lotería";10,50;"Eurojackpot"
09/09/2025;"TradeRepublic";"Intereses";27,99;"Intereses dividendo"
09/09/2025;"Efectivo";"Ocio";-1,50;"Almuerzo"
10/09/2025;"Santander";"Lotería";-40,00;"Cargar lotobolsa"
10/09/2025;"Openbank";"Ocio";-1,30;"Almuerzo"
11/09/2025;"Tarjeta";"Rev/Itv";-527,18;"Revisión Sandero"
11/09/2025;"Efectivo";"Ocio";-1,00;"Almuerzo"
11/09/2025;"N26";TRASPASO;-500,00;"Traspaso"
11/09/2025;"Sabadell";TRASPASO;500,00;"Traspaso"
11/09/2025;"Tarjeta";TRASPASO;-475,00;"Traspaso Visa Bbva"
11/09/2025;"Civislend";TRASPASO;475,00;"Traspaso Visa Bbva"
12/09/2025;"Myinvestor";"Ocio";-1,30;"Almuerzo"
12/09/2025;"Santander";"Vestir";-20,12;"Chaqueta vaquera"
12/09/2025;"Myinvestor";"Deporte";-6,00;"Pádel"
12/09/2025;"Civislend";TRASPASO;-500,00;"Traspaso"
12/09/2025;"Sabadell";TRASPASO;500,00;"Traspaso"
12/09/2025;"Sabadell";"Intereses";0,90;"intereses"
13/09/2025;"Sabadell";"Ocio";-9,20;"Horchata"
13/09/2025;"Sabadell";"Combustible";-67,01;"Gasolina"
13/09/2025;"Myinvestor";"Comida";-60,11;"Mercadona"
13/09/2025;"Sabadell";"Rev/Itv";-236,26;"Cambio 2 ruedas Sandero"
15/09/2025;"Myinvestor";"Ocio";-1,30;"Almuerzo"
15/09/2025;"Myinvestor";"Intereses";2,39;"intereses dividendo"
15/09/2025;"Myinvestor";"Comida";-7,30;"Mercadona"
16/09/2025;"Myinvestor";"Ocio";-1,30;"Almuerzo"
16/09/2025;"Efectivo";"Lotería";-4,00;"Eurojackpot"
16/09/2025;"Myinvestor";"Luz";-5,22;"Casa"
17/09/2025;"Myinvestor";"Ocio";-1,30;"Almuerzo"
17/09/2025;"Sabadell";TRASPASO;-188,43;"Traspaso"
17/09/2025;"N26";TRASPASO;188,43;"Traspaso"
17/09/2025;"N26";"Regalos";-16,00;"Regalo María"
18/09/2025;"Myinvestor";"Ocio";-1,30;"Almuerzo"
18/09/2025;"Myinvestor";"Medicamentos";-2,86;"tevetens, afloyan y besitran"
18/09/2025;"TradeRepublicFondo";"Intereses";-1684,09;"Perdida inversión"
18/09/2025;"TradeRepublic";TRASPASO;-13001,00;"Traspaso"
18/09/2025;"TradeRepublicPrivate";TRASPASO;13001,00;"Traspaso"
18/09/2025;"TradeRepublicFondo";TRASPASO;-14083,91;"Traspaso"
18/09/2025;"TradeRepublic";TRASPASO;14083,91;"Traspaso"
18/09/2025;"TradeRepublicPrivate";"Intereses";129,00;"Bonificación 1%"
19/09/2025;"Myinvestor";"Comida";-100,32;"Mercadona"
19/09/2025;"Myinvestor";"Deporte";-7,50;"Pádel"
19/09/2025;"MyinvestorFondo";TRASPASO;-219,74;"Traspaso"
19/09/2025;"Myinvestor";TRASPASO;219,74;"Traspaso"
20/09/2025;"Myinvestor";"Variosvivienda";-12,98;"Granado y romero"
20/09/2025;"TradeRepublic";TRASPASO;-158,49;"Traspaso"
20/09/2025;"Santander";TRASPASO;158,49;"Traspaso"
20/09/2025;"Santander";"Vestir";-103,75;"Vestir"
20/09/2025;"TradeRepublic";TRASPASO;-700,00;"Traspaso"
20/09/2025;"IndexaCapitalFondo";TRASPASO;700,00;"Traspaso"
20/09/2025;"Santander";"Variosvivienda";-24,22;"Fregona y recambios"
22/09/2025;"Myinvestor";"Ocio";-1,30;"Almuerzo"
22/09/2025;"Myinvestor";"Deporte";-6,00;"Pádel"
23/09/2025;"Myinvestor";"Ocio";-1,30;"Almuerzo"
23/09/2025;"Myinvestor";"Lotería";-4,00;"Eurojackpot"
23/09/2025;"MyinvestorFondo";TRASPASO;-178,15;"Traspaso"
23/09/2025;"Myinvestor";TRASPASO;178,15;"Traspaso"
24/09/2025;"Myinvestor";"Ocio";-1,30;"Almuerzo"
24/09/2025;"Myinvestor";"Deporte";-7,50;"Pádel"
26/09/2025;"Bbva";"Nómina";1981,78;"Nómina"
26/09/2025;"Bbva";TRASPASO;-1500,00;"Traspaso"
26/09/2025;"Myinvestor";TRASPASO;1500,00;"Traspaso"
26/09/2025;"Myinvestor";"Deporte";-7,50;"Pádel"
26/09/2025;"Myinvestor";"Ocio";-1,30;"Almuerzo"
27/09/2025;"Myinvestor";"Comida";-116,09;"Mercadona"
27/09/2025;"Myinvestor";"Comida";-18,52;"Mercadona"